package,hostname,matched_any,matched_tracking_oriented,categories,tracking_oriented_categories
bbc.mobile.news.ww,a1.api.bbc.com,False,False,,
bbc.mobile.news.ww,api.live.bbcx-internal.com,False,False,,
bbc.mobile.news.ww,api.permutive.app,True,True,Advertising,Advertising
bbc.mobile.news.ww,api.permutive.com,True,True,Advertising,Advertising
bbc.mobile.news.ww,bbc-global-app.api.bbc.com,False,False,,
bbc.mobile.news.ww,buy-eu.piano.io,True,False,Content,
bbc.mobile.news.ww,c2-eu.piano.io,True,False,Content,
bbc.mobile.news.ww,cdn.optimizely.com,True,True,Advertising,Advertising
bbc.mobile.news.ww,census-app.scorecardresearch.com,True,True,Analytics,Analytics
bbc.mobile.news.ww,combine.urbanairship.com,False,False,,
bbc.mobile.news.ww,csi.gstatic.com,True,False,Content,
bbc.mobile.news.ww,ctfx9v.inapps.appsflyersdk.com,False,False,,
bbc.mobile.news.ww,ctfx9v.launches.appsflyersdk.com,False,False,,
bbc.mobile.news.ww,device-api.urbanairship.com,False,False,,
bbc.mobile.news.ww,elb.the-ozone-project.com,True,True,Advertising,Advertising
bbc.mobile.news.ww,fonts.gstatic.com,True,False,Content,
bbc.mobile.news.ww,fw.adsafeprotected.com,True,True,Advertising|FingerprintingGeneral,Advertising|FingerprintingGeneral
bbc.mobile.news.ww,googleads.g.doubleclick.net,True,True,Advertising|Email|FingerprintingGeneral,Advertising|Email|FingerprintingGeneral
bbc.mobile.news.ww,ichef.bbci.co.uk,False,False,,
bbc.mobile.news.ww,logx.optimizely.com,True,True,Advertising,Advertising
bbc.mobile.news.ww,pagead2.googlesyndication.com,True,True,Advertising|FingerprintingGeneral,Advertising|FingerprintingGeneral
bbc.mobile.news.ww,ping.chartbeat.net,True,True,Analytics,Analytics
bbc.mobile.news.ww,pub.doubleverify.com,True,True,Analytics|FingerprintingGeneral,Analytics|FingerprintingGeneral
bbc.mobile.news.ww,r4---sn-vgqsrn6y.c.2mdn.net,True,True,Advertising|FingerprintingGeneral,Advertising|FingerprintingGeneral
bbc.mobile.news.ww,remote-data.urbanairship.com,False,False,,
bbc.mobile.news.ww,rr3---sn-bvvbaxivnuxqjvhj5nu-hn2l.googlevideo.com,True,False,Content,
bbc.mobile.news.ww,tpc.googlesyndication.com,True,True,Advertising|FingerprintingGeneral,Advertising|FingerprintingGeneral
bbc.mobile.news.ww,tps.doubleverify.com,True,True,Analytics|FingerprintingGeneral,Analytics|FingerprintingGeneral
bbc.mobile.news.ww,tpsc-ue1.doubleverify.com,True,True,Analytics|FingerprintingGeneral,Analytics|FingerprintingGeneral
bbc.mobile.news.ww,www.bbc.com,False,False,,
com.cnn.mobile.android.phone,api.mapbox.com,False,False,,
com.cnn.mobile.android.phone,audience.cnn.com,False,False,,
com.cnn.mobile.android.phone,cdn.ampproject.org,False,False,,
com.cnn.mobile.android.phone,cdnjs.cloudflare.com,True,False,Content,
com.cnn.mobile.android.phone,collector.cdp.cnn.com,False,False,,
com.cnn.mobile.android.phone,combine.urbanairship.com,False,False,,
com.cnn.mobile.android.phone,config.mapbox.com,False,False,,
com.cnn.mobile.android.phone,dt.adsafeprotected.com,True,True,Advertising|FingerprintingGeneral,Advertising|FingerprintingGeneral
com.cnn.mobile.android.phone,firebaselogging-pa.googleapis.com,True,False,Content,
com.cnn.mobile.android.phone,firebaselogging.googleapis.com,True,False,Content,
com.cnn.mobile.android.phone,firebaseremoteconfig.googleapis.com,True,False,Content,
com.cnn.mobile.android.phone,fonts.gstatic.com,True,False,Content,
com.cnn.mobile.android.phone,googleads.g.doubleclick.net,True,True,Advertising|Email|FingerprintingGeneral,Advertising|Email|FingerprintingGeneral
com.cnn.mobile.android.phone,gpp-decoder.dianomi.workers.dev,False,False,,
com.cnn.mobile.android.phone,jsconfig.adsafeprotected.com,True,True,Advertising|FingerprintingGeneral,Advertising|FingerprintingGeneral
com.cnn.mobile.android.phone,media.cnn.com,False,False,,
com.cnn.mobile.android.phone,mobile.adsafeprotected.com,True,True,Advertising|FingerprintingGeneral,Advertising|FingerprintingGeneral
com.cnn.mobile.android.phone,pagead2.googlesyndication.com,True,True,Advertising|FingerprintingGeneral,Advertising|FingerprintingGeneral
com.cnn.mobile.android.phone,ping.chartbeat.net,True,True,Analytics,Analytics
com.cnn.mobile.android.phone,pixel.adsafeprotected.com,True,True,Advertising|FingerprintingGeneral,Advertising|FingerprintingGeneral
com.cnn.mobile.android.phone,politics-explorer-tiles-static.cnn.io,False,False,,
com.cnn.mobile.android.phone,remote-data.urbanairship.com,False,False,,
com.cnn.mobile.android.phone,securepubads.g.doubleclick.net,True,True,Advertising|Email|FingerprintingGeneral,Advertising|Email|FingerprintingGeneral
com.cnn.mobile.android.phone,smetrics.cnn.com,False,False,,
com.cnn.mobile.android.phone,ssbsync.smartadserver.com,True,True,Advertising,Advertising
com.cnn.mobile.android.phone,tpc.googlesyndication.com,True,True,Advertising|FingerprintingGeneral,Advertising|FingerprintingGeneral
com.cnn.mobile.android.phone,www.cnn.com,False,False,,
com.cnn.mobile.android.phone,www.googletagservices.com,True,True,Advertising|FingerprintingGeneral,Advertising|FingerprintingGeneral
com.facebook.katana,70681d3a-21a6-42e0-98b6-4168ccf3cb1f-netseer-ipaddr-assoc.xy.fbcdn.net,True,False,Content,
com.facebook.katana,70681d3a-21a6-42e0-98b6-4168ccf3cb1f-netseer-ipaddr-assoc.xz.fbcdn.net,True,False,Content,
com.facebook.katana,assets.swoogo.com,False,False,,
com.facebook.katana,chat-e2ee-mini.facebook.com,True,True,FingerprintingGeneral|Social,FingerprintingGeneral|Social
com.facebook.katana,connect.facebook.net,True,True,FingerprintingGeneral|Social,FingerprintingGeneral|Social
com.facebook.katana,edge-mqtt.facebook.com,True,True,FingerprintingGeneral|Social,FingerprintingGeneral|Social
com.facebook.katana,external.ffcm1-1.fna.fbcdn.net,True,False,Content,
com.facebook.katana,fonts.gstatic.com,True,False,Content,
com.facebook.katana,genai-graph.facebook.com,True,True,FingerprintingGeneral|Social,FingerprintingGeneral|Social
com.facebook.katana,graph.facebook.com,True,True,FingerprintingGeneral|Social,FingerprintingGeneral|Social
com.facebook.katana,lookaside.facebook.com,True,True,FingerprintingGeneral|Social,FingerprintingGeneral|Social
com.facebook.katana,payments-graph.facebook.com,True,True,FingerprintingGeneral|Social,FingerprintingGeneral|Social
com.facebook.katana,scontent.ffcm1-1.fna.fbcdn.net,True,False,Content,
com.facebook.katana,scontent.ffcm1-2.fna.fbcdn.net,True,False,Content,
com.facebook.katana,shared.fastly.steamstatic.com,False,False,,
com.facebook.katana,st1.zoom.us,False,False,,
com.facebook.katana,static.ffcm1-1.fna.fbcdn.net,True,False,Content,
com.facebook.katana,store.fastly.steamstatic.com,False,False,,
com.facebook.katana,store.steampowered.com,False,False,,
com.facebook.katana,traffic-nts-ip-assoc.xy.fbcdn.net,True,False,Content,
com.facebook.katana,traffic-nts-ip-assoc.xz.fbcdn.net,True,False,Content,
com.facebook.katana,us02st1.zoom.us,False,False,,
com.facebook.katana,us02web.zoom.us,False,False,,
com.facebook.katana,web.facebook.com,True,True,FingerprintingGeneral|Social,FingerprintingGeneral|Social
com.facebook.katana,www.facebook.com,True,True,FingerprintingGeneral|Social,FingerprintingGeneral|Social
com.facebook.katana,www.infosecworldusa.com,False,False,,
com.facebook.katana,z-m-gateway.facebook.com,True,True,FingerprintingGeneral|Social,FingerprintingGeneral|Social
com.facebook.orca,b-graph.facebook.com,True,True,FingerprintingGeneral|Social,FingerprintingGeneral|Social
com.facebook.orca,edge-mqtt.facebook.com,True,True,FingerprintingGeneral|Social,FingerprintingGeneral|Social
com.facebook.orca,edge-stun.facebook.com,True,True,FingerprintingGeneral|Social,FingerprintingGeneral|Social
com.facebook.orca,edgeray_client,False,False,,
com.facebook.orca,firebaselogging.googleapis.com,True,False,Content,
com.facebook.orca,gateway.facebook.com,True,True,FingerprintingGeneral|Social,FingerprintingGeneral|Social
com.facebook.orca,graph.facebook.com,True,True,FingerprintingGeneral|Social,FingerprintingGeneral|Social
com.facebook.orca,lookaside.facebook.com,True,True,FingerprintingGeneral|Social,FingerprintingGeneral|Social
com.facebook.orca,messenger.com,False,False,,
com.facebook.orca,meta.privacy-gateway.cloudflare.com,True,False,Content,
com.facebook.orca,payments-graph.facebook.com,True,True,FingerprintingGeneral|Social,FingerprintingGeneral|Social
com.facebook.orca,rupload.facebook.com,True,True,FingerprintingGeneral|Social,FingerprintingGeneral|Social
com.facebook.orca,scontent.xx.fbcdn.net,True,False,Content,
com.facebook.orca,static.xx.fbcdn.net,True,False,Content,
com.facebook.orca,web.facebook.com,True,True,FingerprintingGeneral|Social,FingerprintingGeneral|Social
com.facebook.orca,www.facebook.com,True,True,FingerprintingGeneral|Social,FingerprintingGeneral|Social
com.guardian,aax-events-cell01-cf.us-east.aps.axp.amazon-adsystem.com,True,True,Advertising,Advertising
com.guardian,api.nextgen.guardianapps.co.uk,False,False,,
com.guardian,api.permutive.app,True,True,Advertising,Advertising
com.guardian,app.adjust.com,True,True,Advertising|FingerprintingGeneral,Advertising|FingerprintingGeneral
com.guardian,assets.guim.co.uk,False,False,,
com.guardian,cdn.permutive.app,True,True,Advertising,Advertising
com.guardian,cdn.privacy-mgmt.com,True,True,ConsentManagers,ConsentManagers
com.guardian,cell8003.iad.mobile.bid-na.ads.aps.amazon-adsystem.com,True,True,Advertising,Advertising
com.guardian,census-app.scorecardresearch.com,True,True,Analytics,Analytics
com.guardian,csi.gstatic.com,True,False,Content,
com.guardian,discussion.theguardian.com,False,False,,
com.guardian,googleads.g.doubleclick.net,True,True,Advertising|Email|FingerprintingGeneral,Advertising|Email|FingerprintingGeneral
com.guardian,hits-secure.theguardian.com,False,False,,
com.guardian,i.guim.co.uk,False,False,,
com.guardian,j.ophan.co.uk,False,False,,
com.guardian,m.media-amazon.com,True,False,Content,
com.guardian,mdtb-cf-2.ads.aps.amazon-adsystem.com,True,True,Advertising,Advertising
com.guardian,mobile.guardianapis.com,False,False,,
com.guardian,ophan.theguardian.com,False,False,,
com.guardian,pagead2.googlesyndication.com,True,True,Advertising|FingerprintingGeneral,Advertising|FingerprintingGeneral
com.guardian,sdk.fra-01.braze.eu,False,False,,
com.guardian,secure-messaging-api.guardianapis.com,False,False,,
com.guardian,stats.mainroll.com,False,False,,
com.guardian,support.theguardian.com,False,False,,
com.guardian,tpsc-ue1.doubleverify.com,True,True,Analytics|FingerprintingGeneral,Analytics|FingerprintingGeneral
com.guardian,ts.amazon-adsystem.com,True,True,Advertising,Advertising
com.guardian,tungsten-service.prod.na.adsqtungsten.a9.amazon.dev,True,True,Advertising,Advertising
com.guardian,unagi-na.amazon.com,True,False,Content,
com.guardian,www.btd-cmh.tq-tungsten.com,False,False,,
com.guardian,www.theguardian.com,False,False,,
com.instagram.android,e6d32c71-f9c0-485a-b5d6-8d8588119be1-netseer-ipaddr-assoc.xz.fbcdn.net,True,False,Content,
com.instagram.android,ea243b9b-bb19-4e23-904c-43ebf96a53c7-netseer-ipaddr-assoc.xz.fbcdn.net,True,False,Content,
com.instagram.android,edge-mqtt.facebook.com,True,True,FingerprintingGeneral|Social,FingerprintingGeneral|Social
com.instagram.android,graph-fallback.facebook.com,True,True,FingerprintingGeneral|Social,FingerprintingGeneral|Social
com.instagram.android,graph-fallback.instagram.com,True,False,Content,
com.instagram.android,graph.facebook.com,True,True,FingerprintingGeneral|Social,FingerprintingGeneral|Social
com.instagram.android,graph.instagram.com,True,False,Content,
com.instagram.android,i-fallback.instagram.com,True,False,Content,
com.instagram.android,i.instagram.com,True,False,Content,
com.instagram.android,instagram.ffcm1-1.fna.fbcdn.net,True,False,Content,
com.instagram.android,instagram.ffcm1-2.fna.fbcdn.net,True,False,Content,
com.instagram.android,lookaside.facebook.com,True,True,FingerprintingGeneral|Social,FingerprintingGeneral|Social
com.instagram.android,web.facebook.com,True,True,FingerprintingGeneral|Social,FingerprintingGeneral|Social
com.instagram.android,z-m-gateway.facebook.com,True,True,FingerprintingGeneral|Social,FingerprintingGeneral|Social
com.instagram.android,z-p42-chat-e2ee-ig.facebook.com,True,True,FingerprintingGeneral|Social,FingerprintingGeneral|Social
com.linkedin.android,b.ns1p.net,False,False,,
com.linkedin.android,client.protechts.net,True,False,Anti-fraud,
com.linkedin.android,collector-pxdojv695v.protechts.net,False,False,,
com.linkedin.android,cs.ns1p.net,False,False,,
com.linkedin.android,dms-akam.licdn.com,True,True,Social,Social
com.linkedin.android,dms.licdn.com,True,True,Social,Social
com.linkedin.android,media.licdn.com,True,True,Social,Social
com.linkedin.android,pop-lor1-lx.www.linkedin.com,True,True,Social,Social
com.linkedin.android,pop-ltx1-lx.www.linkedin.com,True,True,Social,Social
com.linkedin.android,rum14.perf.linkedin.com,True,True,Social,Social
com.linkedin.android,rum22.perf.linkedin-ei.com,False,False,,
com.linkedin.android,s.ns1p.net,False,False,,
com.linkedin.android,s.xlgmedia.com,False,False,,
com.linkedin.android,static-akam.licdn.com,True,True,Social,Social
com.linkedin.android,static-cflr.licdn.com,True,True,Social,Social
com.linkedin.android,static-fsly.licdn.com,True,True,Social,Social
com.linkedin.android,stun.l.google.com,True,False,Content,
com.linkedin.android,tzm.protechts.net,False,False,,
com.linkedin.android,www.linkedin.com,True,True,Social,Social
com.pinterest,api.pinterest.com,True,False,Content,
com.pinterest,cdn-f.adsmoloco.com,True,True,Advertising,Advertising
com.pinterest,i.pinimg.com,True,False,Content,
com.pinterest,jarlio.inapps.appsflyersdk.com,False,False,,
com.pinterest,jarlio.launches.appsflyersdk.com,False,False,,
com.pinterest,m.media-amazon.com,True,False,Content,
com.pinterest,s.pinimg.com,True,False,Content,
com.pinterest,trk.pinterest.com,True,False,Content,
com.pinterest,v1.pinimg.com,True,False,Content,
com.pinterest,www.gstatic.com,True,False,Content,
com.pinterest,www.recaptcha.net,True,False,Anti-fraud,
com.reddit.frontpage,9m71lc.cdn-settings.appsflyersdk.com,False,False,,
com.reddit.frontpage,9m71lc.launches.appsflyersdk.com,False,False,,
com.reddit.frontpage,alb.reddit.com,True,True,Content|Social,Social
com.reddit.frontpage,external-preview.redd.it,False,False,,
com.reddit.frontpage,firebaselogging-pa.googleapis.com,True,False,Content,
com.reddit.frontpage,gql-fed.reddit.com,True,False,Content,
com.reddit.frontpage,gql-realtime.reddit.com,True,False,Content,
com.reddit.frontpage,i.redd.it,False,False,,
com.reddit.frontpage,play-lh.googleusercontent.com,True,False,Content,
com.reddit.frontpage,preview.redd.it,False,False,,
com.reddit.frontpage,styles.redditmedia.com,False,False,,
com.reddit.frontpage,w3-reporting.reddit.com,True,False,Content,
com.snapchat.android,app-analytics-v2.snapchat.com,True,True,Advertising|Social,Advertising|Social
com.snapchat.android,aws-proxy-gcp.api.snapchat.com,True,True,Advertising|Social,Advertising|Social
com.snapchat.android,aws.api.snapchat.com,True,True,Advertising|Social,Advertising|Social
com.snapchat.android,aws.duplex.snapchat.com,True,True,Advertising|Social,Advertising|Social
com.snapchat.android,bolt-gcdn.sc-cdn.net,False,False,,
com.snapchat.android,cf-st.sc-cdn.net,False,False,,
com.snapchat.android,gcp.api.snapchat.com,True,True,Advertising|Social,Advertising|Social
com.snapchat.android,storage.googleapis.com,True,False,Content,
com.snapchat.android,us-central1-gcp.api.snapchat.com,True,True,Advertising|Social,Advertising|Social
com.snapchat.android,us-east1-aws.api.snapchat.com,True,True,Advertising|Social,Advertising|Social
com.snapchat.android,us-east4-gcp.api.snapchat.com,True,True,Advertising|Social,Advertising|Social
com.snapchat.android,usc1-gcp-v62.api.snapchat.com,True,True,Advertising|Social,Advertising|Social
com.twitter.android,abs.twimg.com,True,False,Content,
com.twitter.android,ads-api.x.com,True,True,Social,Social
com.twitter.android,analytics.twitter.com,True,True,Social,Social
com.twitter.android,api-stream.twitter.com,True,True,Social,Social
com.twitter.android,api.twitter.com,True,True,Social,Social
com.twitter.android,api.x.com,True,True,Social,Social
com.twitter.android,chat-ws.x.com,True,True,Social,Social
com.twitter.android,cm.g.doubleclick.net,True,True,Advertising|Email|FingerprintingGeneral,Advertising|Email|FingerprintingGeneral
com.twitter.android,firebaselogging-pa.googleapis.com,True,False,Content,
com.twitter.android,firebaselogging.googleapis.com,True,False,Content,
com.twitter.android,firebaseremoteconfig.googleapis.com,True,False,Content,
com.twitter.android,pbs.twimg.com,True,False,Content,
com.twitter.android,probe.twitter.com,True,True,Social,Social
com.twitter.android,time.google.com,True,False,Content,
com.twitter.android,video-s.twimg.com,True,False,Content,
com.twitter.android,video.twimg.com,True,False,Content,
com.twitter.android,x.com,True,True,Social,Social
com.whatsapp,api.whatsapp.net,False,False,,
com.whatsapp,g.whatsapp.net,False,False,,
com.whatsapp,graph.whatsapp.com,False,False,,
com.whatsapp,media-ord5-2.cdn.whatsapp.net,False,False,,
com.whatsapp,mmg.whatsapp.net,False,False,,
com.whatsapp,video-msp1-1.xx.fbcdn.net,True,False,Content,
com.whatsapp,www.whatsapp.com,False,False,,
com.zhiliaoapp.musically,aggr16-normal.tiktokv.us,True,True,Advertising,Advertising
com.zhiliaoapp.musically,aggr19-normal.tiktokv.us,True,True,Advertising,Advertising
com.zhiliaoapp.musically,api16-normal-useast5.tiktokv.us,True,True,Advertising,Advertising
com.zhiliaoapp.musically,lf16-geckocdn.tiktokcdn-us.com,False,False,,
com.zhiliaoapp.musically,p16-common-sign.tiktokcdn-us.com,False,False,,
com.zhiliaoapp.musically,p16-common.tiktokcdn-us.com,False,False,,
com.zhiliaoapp.musically,p19-common.tiktokcdn-us.com,False,False,,
com.zhiliaoapp.musically,p19-oec-va.ibyteimg.com,False,False,,
com.zhiliaoapp.musically,pull-f5-tt02.tiktokcdn-us.com,False,False,,
com.zhiliaoapp.musically,reqhfg-launches.appsflyersdk.com,False,False,,
com.zhiliaoapp.musically,sf-teko-source.tiktokcdn-us.com,False,False,,
com.zhiliaoapp.musically,sf16.tiktokcdn-us.com,False,False,,
com.zhiliaoapp.musically,sf19.tiktokcdn-us.com,False,False,,
com.zhiliaoapp.musically,tiktok.adsmeasurement.com,False,False,,
com.zhiliaoapp.musically,tpsc-ue1.doubleverify.com,True,True,Analytics|FingerprintingGeneral,Analytics|FingerprintingGeneral
com.zhiliaoapp.musically,v16-cla.tiktokcdn-us.com,False,False,,
com.zhiliaoapp.musically,v16m.tiktokcdn-us.com,False,False,,
com.zhiliaoapp.musically,v19.tiktokcdn-us.com,False,False,,
com.zhiliaoapp.musically,v45.tiktokcdn-us.com,False,False,,
com.zhiliaoapp.musically,whoami.akamai.net,False,False,,
org.telegram.messenger,firebaselogging.googleapis.com,True,False,Content,
org.thoughtcrime.securesms,grpc.chat.signal.org,False,False,,
org.thoughtcrime.securesms,storage.signal.org,False,False,,
org.thoughtcrime.securesms,stun.cloudflare.com,True,False,Content,
org.thoughtcrime.securesms,turn.cloudflare.com,True,False,Content,
