app,package,interactive_run_count,runs_with_retained_hostnames,runs_with_zero_retained,median_retained_hostname_count,distinct_retained_interactive_hostnames,distinct_tracker_associated_hostnames,median_per_run_tracker_count,median_per_run_tracker_proportion,tracker_categories,unmatched_retained
BBC News,bbc.mobile.news.ww,6,6,0,15.5,30,15,7.5,0.5147058823529411,Advertising:10|FingerprintingGeneral:8|Analytics:5|Email:1,a1.api.bbc.com|api.live.bbcx-internal.com|bbc-global-app.api.bbc.com|buy-eu.piano.io|c2-eu.piano.io|combine.urbanairship.com|csi.gstatic.com|ctfx9v.inapps.appsflyersdk.com|ctfx9v.launches.appsflyersdk.com|device-api.urbanairship.com|fonts.gstatic.com|ichef.bbci.co.uk|remote-data.urbanairship.com|rr3---sn-bvvbaxivnuxqjvhj5nu-hn2l.googlevideo.com|www.bbc.com
CNN,com.cnn.mobile.android.phone,7,7,0,14.0,28,11,6.0,0.42857142857142855,Advertising:10|FingerprintingGeneral:9|Email:2|Analytics:1,api.mapbox.com|audience.cnn.com|cdn.ampproject.org|cdnjs.cloudflare.com|collector.cdp.cnn.com|combine.urbanairship.com|config.mapbox.com|firebaselogging-pa.googleapis.com|firebaselogging.googleapis.com|firebaseremoteconfig.googleapis.com|fonts.gstatic.com|gpp-decoder.dianomi.workers.dev|media.cnn.com|politics-explorer-tiles-static.cnn.io|remote-data.urbanairship.com|smetrics.cnn.com|www.cnn.com
Facebook,com.facebook.katana,4,4,0,15.5,27,0,0.0,0.0,,70681d3a-21a6-42e0-98b6-4168ccf3cb1f-netseer-ipaddr-assoc.xy.fbcdn.net|70681d3a-21a6-42e0-98b6-4168ccf3cb1f-netseer-ipaddr-assoc.xz.fbcdn.net|assets.swoogo.com|chat-e2ee-mini.facebook.com|connect.facebook.net|edge-mqtt.facebook.com|external.ffcm1-1.fna.fbcdn.net|fonts.gstatic.com|genai-graph.facebook.com|graph.facebook.com|lookaside.facebook.com|payments-graph.facebook.com|scontent.ffcm1-1.fna.fbcdn.net|scontent.ffcm1-2.fna.fbcdn.net|shared.fastly.steamstatic.com|st1.zoom.us|static.ffcm1-1.fna.fbcdn.net|store.fastly.steamstatic.com|store.steampowered.com|traffic-nts-ip-assoc.xy.fbcdn.net|traffic-nts-ip-assoc.xz.fbcdn.net|us02st1.zoom.us|us02web.zoom.us|web.facebook.com|www.facebook.com|www.infosecworldusa.com|z-m-gateway.facebook.com
Facebook Messenger,com.facebook.orca,5,5,0,9.0,16,0,0.0,0.0,,b-graph.facebook.com|edge-mqtt.facebook.com|edge-stun.facebook.com|edgeray_client|firebaselogging.googleapis.com|gateway.facebook.com|graph.facebook.com|lookaside.facebook.com|messenger.com|meta.privacy-gateway.cloudflare.com|payments-graph.facebook.com|rupload.facebook.com|scontent.xx.fbcdn.net|static.xx.fbcdn.net|web.facebook.com|www.facebook.com
Instagram,com.instagram.android,1,1,0,15.0,15,0,0.0,0.0,,e6d32c71-f9c0-485a-b5d6-8d8588119be1-netseer-ipaddr-assoc.xz.fbcdn.net|ea243b9b-bb19-4e23-904c-43ebf96a53c7-netseer-ipaddr-assoc.xz.fbcdn.net|edge-mqtt.facebook.com|graph-fallback.facebook.com|graph-fallback.instagram.com|graph.facebook.com|graph.instagram.com|i-fallback.instagram.com|i.instagram.com|instagram.ffcm1-1.fna.fbcdn.net|instagram.ffcm1-2.fna.fbcdn.net|lookaside.facebook.com|web.facebook.com|z-m-gateway.facebook.com|z-p42-chat-e2ee-ig.facebook.com
LinkedIn,com.linkedin.android,4,4,0,9.5,19,0,0.0,0.0,,b.ns1p.net|client.protechts.net|collector-pxdojv695v.protechts.net|cs.ns1p.net|dms-akam.licdn.com|dms.licdn.com|media.licdn.com|pop-lor1-lx.www.linkedin.com|pop-ltx1-lx.www.linkedin.com|rum14.perf.linkedin.com|rum22.perf.linkedin-ei.com|s.ns1p.net|s.xlgmedia.com|static-akam.licdn.com|static-cflr.licdn.com|static-fsly.licdn.com|stun.l.google.com|tzm.protechts.net|www.linkedin.com
Pinterest,com.pinterest,2,2,0,10.5,11,1,0.5,0.045454545454545456,Advertising:1,api.pinterest.com|i.pinimg.com|jarlio.inapps.appsflyersdk.com|jarlio.launches.appsflyersdk.com|m.media-amazon.com|s.pinimg.com|trk.pinterest.com|v1.pinimg.com|www.gstatic.com|www.recaptcha.net
Reddit,com.reddit.frontpage,1,1,0,12.0,12,0,0.0,0.0,,9m71lc.cdn-settings.appsflyersdk.com|9m71lc.launches.appsflyersdk.com|alb.reddit.com|external-preview.redd.it|firebaselogging-pa.googleapis.com|gql-fed.reddit.com|gql-realtime.reddit.com|i.redd.it|play-lh.googleusercontent.com|preview.redd.it|styles.redditmedia.com|w3-reporting.reddit.com
Signal,org.thoughtcrime.securesms,4,4,0,3.0,4,0,0.0,0.0,,grpc.chat.signal.org|storage.signal.org|stun.cloudflare.com|turn.cloudflare.com
Snapchat,com.snapchat.android,2,2,0,11.0,12,0,0.0,0.0,,app-analytics-v2.snapchat.com|aws-proxy-gcp.api.snapchat.com|aws.api.snapchat.com|aws.duplex.snapchat.com|bolt-gcdn.sc-cdn.net|cf-st.sc-cdn.net|gcp.api.snapchat.com|storage.googleapis.com|us-central1-gcp.api.snapchat.com|us-east1-aws.api.snapchat.com|us-east4-gcp.api.snapchat.com|usc1-gcp-v62.api.snapchat.com
Telegram,org.telegram.messenger,4,1,3,0.0,1,0,0.0,0.0,,firebaselogging.googleapis.com
The Guardian,com.guardian,4,4,0,14.0,30,13,6.0,0.41428571428571426,Advertising:10|FingerprintingGeneral:4|Analytics:2|ConsentManagers:1|Email:1,api.nextgen.guardianapps.co.uk|assets.guim.co.uk|csi.gstatic.com|discussion.theguardian.com|hits-secure.theguardian.com|i.guim.co.uk|j.ophan.co.uk|m.media-amazon.com|mobile.guardianapis.com|ophan.theguardian.com|sdk.fra-01.braze.eu|secure-messaging-api.guardianapis.com|stats.mainroll.com|support.theguardian.com|unagi-na.amazon.com|www.btd-cmh.tq-tungsten.com|www.theguardian.com
TikTok,com.zhiliaoapp.musically,3,3,0,14.0,20,1,0.0,0.0,Analytics:1|FingerprintingGeneral:1,aggr16-normal.tiktokv.us|aggr19-normal.tiktokv.us|api16-normal-useast5.tiktokv.us|lf16-geckocdn.tiktokcdn-us.com|p16-common-sign.tiktokcdn-us.com|p16-common.tiktokcdn-us.com|p19-common.tiktokcdn-us.com|p19-oec-va.ibyteimg.com|pull-f5-tt02.tiktokcdn-us.com|reqhfg-launches.appsflyersdk.com|sf-teko-source.tiktokcdn-us.com|sf16.tiktokcdn-us.com|sf19.tiktokcdn-us.com|tiktok.adsmeasurement.com|v16-cla.tiktokcdn-us.com|v16m.tiktokcdn-us.com|v19.tiktokcdn-us.com|v45.tiktokcdn-us.com|whoami.akamai.net
WhatsApp,com.whatsapp,5,5,0,3.0,7,0,0.0,0.0,,api.whatsapp.net|g.whatsapp.net|graph.whatsapp.com|media-ord5-2.cdn.whatsapp.net|mmg.whatsapp.net|video-msp1-1.xx.fbcdn.net|www.whatsapp.com
X,com.twitter.android,4,4,0,12.0,17,1,1.0,0.08391608391608392,Advertising:1|Email:1|FingerprintingGeneral:1,abs.twimg.com|ads-api.x.com|analytics.twitter.com|api-stream.twitter.com|api.twitter.com|api.x.com|chat-ws.x.com|firebaselogging-pa.googleapis.com|firebaselogging.googleapis.com|firebaseremoteconfig.googleapis.com|pbs.twimg.com|probe.twitter.com|time.google.com|video-s.twimg.com|video.twimg.com|x.com
