field,unit,from,to,run_pooled_W1,n_from_runs,n_to_runs,app_balanced_W1_on_app_medians,n_from_apps,n_to_apps,warning_pooled,app_balanced_construction
pps,packets/s,strict_idle,qfg,24.794298890054648,44,23,14.880483396563982,14,9,run-pooled weights apps with more selected captures more heavily,"one median per app per class, then W1 between those empirical measures (equal app weight)"
pps,packets/s,strict_idle,interactive,95.19761417029859,44,56,84.33886982187569,14,15,run-pooled weights apps with more selected captures more heavily,"one median per app per class, then W1 between those empirical measures (equal app weight)"
pps,packets/s,qfg,interactive,70.40331528024394,23,56,69.4583864253117,9,15,run-pooled weights apps with more selected captures more heavily,"one median per app per class, then W1 between those empirical measures (equal app weight)"
bps,bytes/s,strict_idle,qfg,36283.611443361675,44,23,22754.522119604968,14,9,run-pooled weights apps with more selected captures more heavily,"one median per app per class, then W1 between those empirical measures (equal app weight)"
bps,bytes/s,strict_idle,interactive,116490.65941304085,44,56,103483.06467628412,14,15,run-pooled weights apps with more selected captures more heavily,"one median per app per class, then W1 between those empirical measures (equal app weight)"
bps,bytes/s,qfg,interactive,80758.8919767841,23,56,80728.54255667915,9,15,run-pooled weights apps with more selected captures more heavily,"one median per app per class, then W1 between those empirical measures (equal app weight)"
hosts,retained names,strict_idle,qfg,4.12153,44,23,3.2382849999999994,14,9,run-pooled weights apps with more selected captures more heavily,"one median per app per class, then W1 between those empirical measures (equal app weight)"
hosts,retained names,strict_idle,interactive,2.748372,44,56,2.2650950000000005,14,15,run-pooled weights apps with more selected captures more heavily,"one median per app per class, then W1 between those empirical measures (equal app weight)"
hosts,retained names,qfg,interactive,2.558228,23,56,2.512697,9,15,run-pooled weights apps with more selected captures more heavily,"one median per app per class, then W1 between those empirical measures (equal app weight)"
