app,package_name,registrable_domain,exclusion_role,basis_or_source,reviewed
BBC News,bbc.mobile.news.ww,bbc.com,documented_app_property,"Recovered from accepted tracker_matches_per_hostname_first_party_sensitivity.csv; registrable domain of retained hostname a1.api.bbc.com",yes
BBC News,bbc.mobile.news.ww,bbci.co.uk,documented_app_property,"Recovered from accepted tracker_matches_per_hostname_first_party_sensitivity.csv; registrable domain of retained hostname ichef.bbci.co.uk",yes
CNN,com.cnn.mobile.android.phone,cnn.com,documented_app_property,"Recovered from accepted tracker_matches_per_hostname_first_party_sensitivity.csv; registrable domain of retained hostname audience.cnn.com",yes
CNN,com.cnn.mobile.android.phone,cnn.io,documented_app_property,"Recovered from accepted tracker_matches_per_hostname_first_party_sensitivity.csv; registrable domain of retained hostname politics-explorer-tiles-static.cnn.io",yes
Facebook,com.facebook.katana,facebook.com,documented_app_property,"Recovered from accepted tracker_matches_per_hostname_first_party_sensitivity.csv; registrable domain of retained hostname chat-e2ee-mini.facebook.com",yes
Facebook,com.facebook.katana,facebook.net,documented_app_property,"Recovered from accepted tracker_matches_per_hostname_first_party_sensitivity.csv; registrable domain of retained hostname connect.facebook.net",yes
Facebook,com.facebook.katana,fbcdn.net,documented_app_property,"Recovered from accepted tracker_matches_per_hostname_first_party_sensitivity.csv; registrable domain of retained hostname 70681d3a-21a6-42e0-98b6-4168ccf3cb1f-netseer-ipaddr-assoc.xy.fbcdn.net",yes
Facebook Messenger,com.facebook.orca,facebook.com,documented_app_property,"Recovered from accepted tracker_matches_per_hostname_first_party_sensitivity.csv; registrable domain of retained hostname b-graph.facebook.com",yes
Facebook Messenger,com.facebook.orca,fbcdn.net,documented_app_property,"Recovered from accepted tracker_matches_per_hostname_first_party_sensitivity.csv; registrable domain of retained hostname scontent.xx.fbcdn.net",yes
Facebook Messenger,com.facebook.orca,messenger.com,documented_app_property,"Recovered from accepted tracker_matches_per_hostname_first_party_sensitivity.csv; registrable domain of retained hostname messenger.com",yes
The Guardian,com.guardian,guardianapis.com,documented_app_property,"Recovered from accepted tracker_matches_per_hostname_first_party_sensitivity.csv; registrable domain of retained hostname mobile.guardianapis.com",yes
The Guardian,com.guardian,guim.co.uk,documented_app_property,"Recovered from accepted tracker_matches_per_hostname_first_party_sensitivity.csv; registrable domain of retained hostname assets.guim.co.uk",yes
The Guardian,com.guardian,theguardian.com,documented_app_property,"Recovered from accepted tracker_matches_per_hostname_first_party_sensitivity.csv; registrable domain of retained hostname discussion.theguardian.com",yes
Instagram,com.instagram.android,facebook.com,documented_app_property,"Recovered from accepted tracker_matches_per_hostname_first_party_sensitivity.csv; registrable domain of retained hostname edge-mqtt.facebook.com",yes
Instagram,com.instagram.android,fbcdn.net,documented_app_property,"Recovered from accepted tracker_matches_per_hostname_first_party_sensitivity.csv; registrable domain of retained hostname e6d32c71-f9c0-485a-b5d6-8d8588119be1-netseer-ipaddr-assoc.xz.fbcdn.net",yes
Instagram,com.instagram.android,instagram.com,documented_app_property,"Recovered from accepted tracker_matches_per_hostname_first_party_sensitivity.csv; registrable domain of retained hostname graph-fallback.instagram.com",yes
LinkedIn,com.linkedin.android,licdn.com,documented_app_property,"Recovered from accepted tracker_matches_per_hostname_first_party_sensitivity.csv; registrable domain of retained hostname dms-akam.licdn.com",yes
LinkedIn,com.linkedin.android,linkedin.com,documented_app_property,"Recovered from accepted tracker_matches_per_hostname_first_party_sensitivity.csv; registrable domain of retained hostname pop-lor1-lx.www.linkedin.com",yes
Pinterest,com.pinterest,pinimg.com,documented_app_property,"Recovered from accepted tracker_matches_per_hostname_first_party_sensitivity.csv; registrable domain of retained hostname i.pinimg.com",yes
Pinterest,com.pinterest,pinterest.com,documented_app_property,"Recovered from accepted tracker_matches_per_hostname_first_party_sensitivity.csv; registrable domain of retained hostname api.pinterest.com",yes
Reddit,com.reddit.frontpage,redd.it,documented_app_property,"Recovered from accepted tracker_matches_per_hostname_first_party_sensitivity.csv; registrable domain of retained hostname external-preview.redd.it",yes
Reddit,com.reddit.frontpage,reddit.com,documented_app_property,"Recovered from accepted tracker_matches_per_hostname_first_party_sensitivity.csv; registrable domain of retained hostname alb.reddit.com",yes
Reddit,com.reddit.frontpage,redditmedia.com,documented_app_property,"Recovered from accepted tracker_matches_per_hostname_first_party_sensitivity.csv; registrable domain of retained hostname styles.redditmedia.com",yes
Snapchat,com.snapchat.android,sc-cdn.net,documented_app_property,"Recovered from accepted tracker_matches_per_hostname_first_party_sensitivity.csv; registrable domain of retained hostname bolt-gcdn.sc-cdn.net",yes
Snapchat,com.snapchat.android,snapchat.com,documented_app_property,"Recovered from accepted tracker_matches_per_hostname_first_party_sensitivity.csv; registrable domain of retained hostname app-analytics-v2.snapchat.com",yes
X,com.twitter.android,twimg.com,documented_app_property,"Recovered from accepted tracker_matches_per_hostname_first_party_sensitivity.csv; registrable domain of retained hostname abs.twimg.com",yes
X,com.twitter.android,twitter.com,documented_app_property,"Recovered from accepted tracker_matches_per_hostname_first_party_sensitivity.csv; registrable domain of retained hostname analytics.twitter.com",yes
X,com.twitter.android,x.com,documented_app_property,"Recovered from accepted tracker_matches_per_hostname_first_party_sensitivity.csv; registrable domain of retained hostname ads-api.x.com",yes
WhatsApp,com.whatsapp,fbcdn.net,documented_app_property,"Recovered from accepted tracker_matches_per_hostname_first_party_sensitivity.csv; registrable domain of retained hostname video-msp1-1.xx.fbcdn.net",yes
WhatsApp,com.whatsapp,whatsapp.com,documented_app_property,"Recovered from accepted tracker_matches_per_hostname_first_party_sensitivity.csv; registrable domain of retained hostname graph.whatsapp.com",yes
WhatsApp,com.whatsapp,whatsapp.net,documented_app_property,"Recovered from accepted tracker_matches_per_hostname_first_party_sensitivity.csv; registrable domain of retained hostname api.whatsapp.net",yes
TikTok,com.zhiliaoapp.musically,ibyteimg.com,documented_app_property,"Recovered from accepted tracker_matches_per_hostname_first_party_sensitivity.csv; registrable domain of retained hostname p19-oec-va.ibyteimg.com",yes
TikTok,com.zhiliaoapp.musically,tiktokcdn-us.com,documented_app_property,"Recovered from accepted tracker_matches_per_hostname_first_party_sensitivity.csv; registrable domain of retained hostname lf16-geckocdn.tiktokcdn-us.com",yes
TikTok,com.zhiliaoapp.musically,tiktokv.us,documented_app_property,"Recovered from accepted tracker_matches_per_hostname_first_party_sensitivity.csv; registrable domain of retained hostname aggr16-normal.tiktokv.us",yes
Telegram,org.telegram.messenger,telegram.org,documented_app_property,"Official Telegram project domain; no retained Telegram hostname in the frozen cohort resolves to this registrable domain",yes
Signal,org.thoughtcrime.securesms,signal.org,documented_app_property,"Recovered from accepted tracker_matches_per_hostname_first_party_sensitivity.csv; registrable domain of retained hostname grpc.chat.signal.org",yes
