app,package,selected_version,dynamic_run_id,evidence_class,start_time,duration,qa_status,pcap_path,pcap_status,bytes,packets,bytes_per_second,packets_per_second,average_packet_length,domain_count,service_count,tcp_present,udp_present,tls_present,quic_present,dns_present,first_party_count,third_party_count,unresolved_signal_count,skipped_pack_reason,analytic_eligibility,exclusion_reason
BBC News,bbc.mobile.news.ww,2026.5.0,0d59f4ef-1a4e-4da3-88fa-4e8088939e46,interactive,2026-07-06T19:44:26.335983+00:00,836.115847,valid,/home/secadmin/Laughlin/GitHub/ScytaleDroid/output/evidence/dynamic/0d59f4ef-1a4e-4da3-88fa-4e8088939e46/artifacts/pcapdroid_capture/scytaledroid_bbc_mobile_news_ww_0d59f4ef-1a4e-4da3-88fa-4e8088939e46.pcap,present,65614613,27493,78475.50460313186,32.88180710680873,2386.5934237805986,13,7,1,1,1,1,1,0,0,0,,eligible,
BBC News,bbc.mobile.news.ww,2026.5.0,21fbdaf6-39f7-446e-bc8b-cc542fda5597,interactive,2026-07-01T05:13:07.540711+00:00,374.57363,valid,/home/secadmin/Laughlin/GitHub/ScytaleDroid/output/evidence/dynamic/21fbdaf6-39f7-446e-bc8b-cc542fda5597/artifacts/pcapdroid_capture/scytaledroid_bbc_mobile_news_ww_21fbdaf6-39f7-446e-bc8b-cc542fda5597.pcap,present,70554834,21696,188360.3872488301,57.92185637841084,3251.974280973451,16,9,1,1,1,1,1,0,0,0,,eligible,
BBC News,bbc.mobile.news.ww,2026.5.0,4c2becbc-4819-42b2-ae26-8d4b61dd90c8,strict_idle,2026-07-06T03:03:35.646463+00:00,598.037649,valid,/home/secadmin/Laughlin/GitHub/ScytaleDroid/output/evidence/dynamic/4c2becbc-4819-42b2-ae26-8d4b61dd90c8/artifacts/pcapdroid_capture/scytaledroid_bbc_mobile_news_ww_4c2becbc-4819-42b2-ae26-8d4b61dd90c8.pcap,present,2575787,3874,4307.064955370393,6.477853035637226,664.8908105317502,17,8,1,1,1,1,1,0,0,0,,eligible,
BBC News,bbc.mobile.news.ww,2026.5.0,4df84076-5821-45f4-a87e-48aa8138ad63,strict_idle,2026-06-30T21:18:38.102586+00:00,471.247517,valid,/home/secadmin/Laughlin/GitHub/ScytaleDroid/output/evidence/dynamic/4df84076-5821-45f4-a87e-48aa8138ad63/artifacts/pcapdroid_capture/scytaledroid_bbc_mobile_news_ww_4df84076-5821-45f4-a87e-48aa8138ad63.pcap,present,1475820,2955,3131.73002882899,6.270590068700564,499.43147208121826,14,7,1,1,1,0,1,0,0,0,,eligible,
BBC News,bbc.mobile.news.ww,2026.5.0,5463c962-016c-4d1e-b81b-661977a76452,interactive,2026-07-01T05:00:20.090628+00:00,308.378075,valid,/home/secadmin/Laughlin/GitHub/ScytaleDroid/output/evidence/dynamic/5463c962-016c-4d1e-b81b-661977a76452/artifacts/pcapdroid_capture/scytaledroid_bbc_mobile_news_ww_5463c962-016c-4d1e-b81b-661977a76452.pcap,present,22221476,12101,72059.19551835842,39.24079232935091,1836.3338567060573,15,8,1,1,1,1,1,0,0,0,,eligible,
BBC News,bbc.mobile.news.ww,2026.5.0,5d77ac7f-25d7-4eeb-ab17-d8858a9f4210,interactive,2026-07-01T05:21:26.533349+00:00,252.544476,valid,/home/secadmin/Laughlin/GitHub/ScytaleDroid/output/evidence/dynamic/5d77ac7f-25d7-4eeb-ab17-d8858a9f4210/artifacts/pcapdroid_capture/scytaledroid_bbc_mobile_news_ww_5d77ac7f-25d7-4eeb-ab17-d8858a9f4210.pcap,present,2558453,3672,10130.702680663662,14.54001314208116,696.7464596949891,17,10,1,1,1,1,1,0,0,0,,eligible,
BBC News,bbc.mobile.news.ww,2026.5.0,63abb795-47c7-4517-a2a5-7ecb712a8798,interactive,2026-07-01T05:07:06.341069+00:00,252.405715,valid,/home/secadmin/Laughlin/GitHub/ScytaleDroid/output/evidence/dynamic/63abb795-47c7-4517-a2a5-7ecb712a8798/artifacts/pcapdroid_capture/scytaledroid_bbc_mobile_news_ww_63abb795-47c7-4517-a2a5-7ecb712a8798.pcap,present,3806968,4833,15082.732972191221,19.147743940742387,787.7028760604179,16,11,1,1,1,1,1,0,0,0,,eligible,
BBC News,bbc.mobile.news.ww,2026.5.0,69b85892-6192-49f6-aaba-29d076a9493d,strict_idle,2026-06-30T20:58:36.130845+00:00,380.717427,valid,/home/secadmin/Laughlin/GitHub/ScytaleDroid/output/evidence/dynamic/69b85892-6192-49f6-aaba-29d076a9493d/artifacts/pcapdroid_capture/scytaledroid_bbc_mobile_news_ww_69b85892-6192-49f6-aaba-29d076a9493d.pcap,present,1360081,1996,3572.415927259353,5.242733477498523,681.4033066132265,16,9,1,1,1,1,1,0,0,0,,eligible,
BBC News,bbc.mobile.news.ww,2026.5.0,6cef2149-1a81-4f35-8389-881f24e32f6a,strict_idle,2026-06-30T21:10:15.746526+00:00,366.426749,valid,/home/secadmin/Laughlin/GitHub/ScytaleDroid/output/evidence/dynamic/6cef2149-1a81-4f35-8389-881f24e32f6a/artifacts/pcapdroid_capture/scytaledroid_bbc_mobile_news_ww_6cef2149-1a81-4f35-8389-881f24e32f6a.pcap,present,1256423,1916,3428.851751213174,5.228875908292383,655.7531315240084,12,8,1,1,1,0,1,0,0,0,,eligible,
BBC News,bbc.mobile.news.ww,2026.5.0,a7f93c59-307e-45a4-8357-bd0b90f46621,interactive,2026-07-07T10:36:50.612914+00:00,365.495782,valid,/home/secadmin/Laughlin/GitHub/ScytaleDroid/output/evidence/dynamic/a7f93c59-307e-45a4-8357-bd0b90f46621/artifacts/pcapdroid_capture/scytaledroid_bbc_mobile_news_ww_a7f93c59-307e-45a4-8357-bd0b90f46621.pcap,present,49331770,23590,134972.2005820576,64.54246850925354,2091.215345485375,15,11,1,1,1,1,1,0,0,0,,eligible,
CNN,com.cnn.mobile.android.phone,26.13.0,01b0bed5-f6c9-4532-977e-d6d18149ff2f,strict_idle,2026-06-28T14:53:45.917629+00:00,250.955064,valid,/home/secadmin/Laughlin/GitHub/ScytaleDroid/output/evidence/dynamic/01b0bed5-f6c9-4532-977e-d6d18149ff2f/artifacts/pcapdroid_capture/scytaledroid_01b0bed5-f6c9-4532-977e-d6d18149ff2f.pcap,present,2738183,1769,10911.048999593011,7.049070745191258,1547.870548332391,12,5,1,1,1,1,1,0,0,0,,eligible,
CNN,com.cnn.mobile.android.phone,26.13.0,0210315c-e4aa-46cf-87b3-345c73a4c5c8,strict_idle,2026-07-09T05:04:00.726857+00:00,257.367554,valid,/home/secadmin/Laughlin/GitHub/ScytaleDroid/output/evidence/dynamic/0210315c-e4aa-46cf-87b3-345c73a4c5c8/artifacts/pcapdroid_capture/scytaledroid_com_cnn_mobile_android_phone_0210315c-e4aa-46cf-87b3-345c73a4c5c8.pcap,present,97992,377,380.74729497565187,1.4648311107623146,259.9257294429708,8,4,1,1,1,0,1,0,0,0,,eligible,
CNN,com.cnn.mobile.android.phone,26.13.0,0f353ecf-ef04-4729-9d5c-e098f2ca5afd,interactive,2026-07-01T05:33:44.797460+00:00,397.536983,valid,/home/secadmin/Laughlin/GitHub/ScytaleDroid/output/evidence/dynamic/0f353ecf-ef04-4729-9d5c-e098f2ca5afd/artifacts/pcapdroid_capture/scytaledroid_com_cnn_mobile_android_phone_0f353ecf-ef04-4729-9d5c-e098f2ca5afd.pcap,present,38683342,10097,97307.53025310351,25.39889477402408,3831.1718332177875,13,6,1,1,1,1,1,0,0,0,,eligible,
CNN,com.cnn.mobile.android.phone,26.13.0,439428e8-af05-490c-9f82-bfe4984aa46c,interactive,2026-07-02T04:02:26.287996+00:00,460.338496,valid,/home/secadmin/Laughlin/GitHub/ScytaleDroid/output/evidence/dynamic/439428e8-af05-490c-9f82-bfe4984aa46c/artifacts/pcapdroid_capture/scytaledroid_com_cnn_mobile_android_phone_439428e8-af05-490c-9f82-bfe4984aa46c.pcap,present,34233245,16051,74365.37525638525,34.86782039623295,2132.7795775964114,14,6,1,1,1,1,1,0,0,0,,eligible,
CNN,com.cnn.mobile.android.phone,26.13.0,765ae61a-1967-433c-baa6-b80e5347b20c,interactive,2026-06-29T10:02:52.343271+00:00,244.464462,valid,/home/secadmin/Laughlin/GitHub/ScytaleDroid/output/evidence/dynamic/765ae61a-1967-433c-baa6-b80e5347b20c/artifacts/pcapdroid_capture/scytaledroid_765ae61a-1967-433c-baa6-b80e5347b20c.pcap,present,4860598,3979,19882.636356363324,16.276394398789957,1221.5627041970345,13,5,1,1,1,1,1,0,0,0,,eligible,
CNN,com.cnn.mobile.android.phone,26.13.0,833a1d8a-f602-49e9-af2a-3e66d1d98c48,strict_idle,2026-06-28T21:34:45.847232+00:00,351.938944,valid,/home/secadmin/Laughlin/GitHub/ScytaleDroid/output/evidence/dynamic/833a1d8a-f602-49e9-af2a-3e66d1d98c48/artifacts/pcapdroid_capture/scytaledroid_833a1d8a-f602-49e9-af2a-3e66d1d98c48.pcap,present,3204298,2573,9104.698569533697,7.310927204464193,1245.3548387096773,15,7,1,1,1,1,1,0,0,0,,eligible,
CNN,com.cnn.mobile.android.phone,26.13.0,84b46fff-3009-4aa3-a7e7-87436b7855fd,interactive,2026-07-03T14:55:07.117297+00:00,266.834843,valid,/home/secadmin/Laughlin/GitHub/ScytaleDroid/output/evidence/dynamic/84b46fff-3009-4aa3-a7e7-87436b7855fd/artifacts/pcapdroid_capture/scytaledroid_com_cnn_mobile_android_phone_84b46fff-3009-4aa3-a7e7-87436b7855fd.pcap,present,39859628,13487,149379.39720263594,50.54437362215099,2955.4109883591605,15,6,1,1,1,1,1,0,0,0,,eligible,
CNN,com.cnn.mobile.android.phone,26.13.0,86addff3-891d-4e0a-8311-7e3d370f115d,interactive,2026-06-29T09:45:39.127582+00:00,294.326819,valid,/home/secadmin/Laughlin/GitHub/ScytaleDroid/output/evidence/dynamic/86addff3-891d-4e0a-8311-7e3d370f115d/artifacts/pcapdroid_capture/scytaledroid_86addff3-891d-4e0a-8311-7e3d370f115d.pcap,present,44434371,34706,150969.49422064048,117.91653957297041,1280.3080447184925,16,8,1,1,1,1,1,0,0,0,,eligible,
CNN,com.cnn.mobile.android.phone,26.13.0,9099bb51-fcd2-406d-ae03-1e8968c73734,qfg,2026-06-28T14:59:19.412179+00:00,240.220651,valid,/home/secadmin/Laughlin/GitHub/ScytaleDroid/output/evidence/dynamic/9099bb51-fcd2-406d-ae03-1e8968c73734/artifacts/pcapdroid_capture/scytaledroid_9099bb51-fcd2-406d-ae03-1e8968c73734.pcap,present,7632172,3289,31771.50660540005,13.691578914254128,2320.5144420796596,12,6,1,1,1,1,1,0,0,0,,eligible,
CNN,com.cnn.mobile.android.phone,26.13.0,9190dab5-8e17-4317-b17d-0f35cb5e730a,interactive,2026-06-29T10:47:36.283022+00:00,256.766337,valid,/home/secadmin/Laughlin/GitHub/ScytaleDroid/output/evidence/dynamic/9190dab5-8e17-4317-b17d-0f35cb5e730a/artifacts/pcapdroid_capture/scytaledroid_9190dab5-8e17-4317-b17d-0f35cb5e730a.pcap,present,18386482,15718,71607.8369728038,61.21518959083799,1169.7723628960428,15,7,1,1,1,1,1,0,0,0,,eligible,
CNN,com.cnn.mobile.android.phone,26.13.0,d4fb719e-c899-487e-9b8c-8d228e287b69,strict_idle,2026-06-28T15:05:16.944548+00:00,252.642223,valid,/home/secadmin/Laughlin/GitHub/ScytaleDroid/output/evidence/dynamic/d4fb719e-c899-487e-9b8c-8d228e287b69/artifacts/pcapdroid_capture/scytaledroid_d4fb719e-c899-487e-9b8c-8d228e287b69.pcap,present,799976,1218,3166.438256047169,4.8210468762381025,656.7947454844007,12,5,1,1,1,1,1,0,0,0,,eligible,
CNN,com.cnn.mobile.android.phone,26.13.0,d7f84ff5-a1f5-4895-b7ba-c08ab7da51ad,interactive,2026-07-02T03:37:48.912931+00:00,486.952633,valid,/home/secadmin/Laughlin/GitHub/ScytaleDroid/output/evidence/dynamic/d7f84ff5-a1f5-4895-b7ba-c08ab7da51ad/artifacts/pcapdroid_capture/scytaledroid_com_cnn_mobile_android_phone_d7f84ff5-a1f5-4895-b7ba-c08ab7da51ad.pcap,present,11671496,4612,23968.44212155641,9.471147063291472,2530.6799653078924,14,6,1,1,1,1,1,0,0,0,,eligible,
Facebook,com.facebook.katana,567.1.0.52.74,0416dc61-5ff0-4271-9d41-a3588588f606,strict_idle,2026-07-05T19:54:10.924885+00:00,386.813899,valid,/home/secadmin/Laughlin/GitHub/ScytaleDroid/output/evidence/dynamic/0416dc61-5ff0-4271-9d41-a3588588f606/artifacts/pcapdroid_capture/scytaledroid_com_facebook_katana_0416dc61-5ff0-4271-9d41-a3588588f606.pcap,present,1115299,1802,2883.2960834222763,4.658570968257788,618.9228634850166,11,1,1,1,1,1,1,0,0,0,,eligible,
Facebook,com.facebook.katana,567.1.0.52.74,1b37dbc2-d891-44f5-902d-243c6970f52a,interactive,2026-07-06T03:39:12.643907+00:00,888.452643,valid,/home/secadmin/Laughlin/GitHub/ScytaleDroid/output/evidence/dynamic/1b37dbc2-d891-44f5-902d-243c6970f52a/artifacts/pcapdroid_capture/scytaledroid_com_facebook_katana_1b37dbc2-d891-44f5-902d-243c6970f52a.pcap,present,317728151,278991,357619.6812552,314.01898817920454,1138.8473140710632,16,2,1,1,1,1,1,0,0,0,,eligible,
Facebook,com.facebook.katana,567.1.0.52.74,1fdafb45-49f1-4889-b825-d1f2b1a39278,strict_idle,2026-07-05T20:16:14.769974+00:00,279.605185,valid,/home/secadmin/Laughlin/GitHub/ScytaleDroid/output/evidence/dynamic/1fdafb45-49f1-4889-b825-d1f2b1a39278/artifacts/pcapdroid_capture/scytaledroid_com_facebook_katana_1fdafb45-49f1-4889-b825-d1f2b1a39278.pcap,present,1135855,1738,4062.3531355471823,6.215907619881942,653.5414269275029,12,1,1,1,1,1,1,0,0,0,,eligible,
Facebook,com.facebook.katana,567.1.0.52.74,57364e51-4e48-419c-bcf4-1793d184f59f,interactive,2026-07-06T15:31:29.913046+00:00,670.857347,valid,/home/secadmin/Laughlin/GitHub/ScytaleDroid/output/evidence/dynamic/57364e51-4e48-419c-bcf4-1793d184f59f/artifacts/pcapdroid_capture/scytaledroid_com_facebook_katana_57364e51-4e48-419c-bcf4-1793d184f59f.pcap,present,66715851,60797,99448.64030832474,90.62582421117914,1097.3543266937513,15,2,1,1,1,1,1,0,0,0,,eligible,
Facebook,com.facebook.katana,567.1.0.52.74,71ee87ee-614a-4045-a704-9e3a0b17ac40,interactive,2026-07-06T15:45:57.309717+00:00,1192.75837,valid,/home/secadmin/Laughlin/GitHub/ScytaleDroid/output/evidence/dynamic/71ee87ee-614a-4045-a704-9e3a0b17ac40/artifacts/pcapdroid_capture/scytaledroid_com_facebook_katana_71ee87ee-614a-4045-a704-9e3a0b17ac40.pcap,present,187687137,167397,157355.53966391366,140.34443539473966,1121.209681177082,14,1,1,1,1,1,1,0,0,0,,eligible,
Facebook,com.facebook.katana,567.1.0.52.74,7909f4c7-24ac-4134-b0da-77b87436e875,strict_idle,2026-07-05T20:07:59.927448+00:00,424.08377,valid,/home/secadmin/Laughlin/GitHub/ScytaleDroid/output/evidence/dynamic/7909f4c7-24ac-4134-b0da-77b87436e875/artifacts/pcapdroid_capture/scytaledroid_com_facebook_katana_7909f4c7-24ac-4134-b0da-77b87436e875.pcap,present,5498920,5606,12966.589124596774,13.219086408329185,980.8990367463432,13,2,1,1,1,1,1,0,0,0,,eligible,
Facebook,com.facebook.katana,567.1.0.52.74,ce203d65-1bf4-4a5e-8250-88a8e4d37e2a,interactive,2026-07-06T03:56:44.615969+00:00,881.972492,valid,/home/secadmin/Laughlin/GitHub/ScytaleDroid/output/evidence/dynamic/ce203d65-1bf4-4a5e-8250-88a8e4d37e2a/artifacts/pcapdroid_capture/scytaledroid_com_facebook_katana_ce203d65-1bf4-4a5e-8250-88a8e4d37e2a.pcap,present,161035345,132802,182585.450748956,150.57385712660073,1212.5972876914504,16,1,1,1,1,1,1,0,0,0,,eligible,
Facebook,com.facebook.katana,567.1.0.52.74,e868467e-50e4-4e5b-b413-6b8c611889e9,qfg,2026-07-05T19:47:43.448305+00:00,289.510508,valid,/home/secadmin/Laughlin/GitHub/ScytaleDroid/output/evidence/dynamic/e868467e-50e4-4e5b-b413-6b8c611889e9/artifacts/pcapdroid_capture/scytaledroid_com_facebook_katana_e868467e-50e4-4e5b-b413-6b8c611889e9.pcap,present,14198522,13232,49043.20087753084,45.70473138059638,1073.0442865779928,12,1,1,1,1,1,1,0,0,0,,eligible,
Facebook Messenger,com.facebook.orca,567.1.0.53.87,1a976aa9-2fb5-436b-9246-989e2a44ecab,strict_idle,2026-07-05T20:29:48.118750+00:00,318.445694,valid,/home/secadmin/Laughlin/GitHub/ScytaleDroid/output/evidence/dynamic/1a976aa9-2fb5-436b-9246-989e2a44ecab/artifacts/pcapdroid_capture/scytaledroid_com_facebook_orca_1a976aa9-2fb5-436b-9246-989e2a44ecab.pcap,present,107929,412,338.92435047339654,1.2937841765886777,261.9635922330097,2,1,1,1,1,1,1,0,0,0,,eligible,
Facebook Messenger,com.facebook.orca,567.1.0.53.87,1cbf2030-d552-4ed8-b3af-62e2c117f6f3,strict_idle,2026-07-05T20:22:28.488364+00:00,363.449573,valid,/home/secadmin/Laughlin/GitHub/ScytaleDroid/output/evidence/dynamic/1cbf2030-d552-4ed8-b3af-62e2c117f6f3/artifacts/pcapdroid_capture/scytaledroid_com_facebook_orca_1cbf2030-d552-4ed8-b3af-62e2c117f6f3.pcap,present,236204,590,649.8948342415579,1.6233338648055036,400.3457627118644,4,2,1,1,1,1,1,0,0,0,,eligible,
Facebook Messenger,com.facebook.orca,567.1.0.53.87,4af635d1-7776-4216-bd63-9c71dd02f442,interactive,2026-07-06T04:17:12.654154+00:00,379.085098,valid,/home/secadmin/Laughlin/GitHub/ScytaleDroid/output/evidence/dynamic/4af635d1-7776-4216-bd63-9c71dd02f442/artifacts/pcapdroid_capture/scytaledroid_com_facebook_orca_4af635d1-7776-4216-bd63-9c71dd02f442.pcap,present,10054712,11396,26523.627684251518,30.0618517059196,882.3018603018603,9,3,1,1,1,1,1,0,0,0,,eligible,
Facebook Messenger,com.facebook.orca,567.1.0.53.87,7cfa8484-25b0-443c-8602-b1be2d5fea1f,strict_idle,2026-07-06T02:48:03.945474+00:00,274.365924,valid,/home/secadmin/Laughlin/GitHub/ScytaleDroid/output/evidence/dynamic/7cfa8484-25b0-443c-8602-b1be2d5fea1f/artifacts/pcapdroid_capture/scytaledroid_com_facebook_orca_7cfa8484-25b0-443c-8602-b1be2d5fea1f.pcap,present,594023,1067,2165.075718368,3.8889669112116123,556.7225866916589,5,2,1,1,1,1,1,0,0,0,,eligible,
Facebook Messenger,com.facebook.orca,567.1.0.53.87,9e2ab664-ca69-4e61-8d7a-ebac20664f01,interactive,2026-07-07T03:59:51.099474+00:00,587.727716,valid,/home/secadmin/Laughlin/GitHub/ScytaleDroid/output/evidence/dynamic/9e2ab664-ca69-4e61-8d7a-ebac20664f01/artifacts/pcapdroid_capture/scytaledroid_com_facebook_orca_9e2ab664-ca69-4e61-8d7a-ebac20664f01.pcap,present,3413687,17012,5808.279764706554,28.945376467493325,200.66347284269926,9,2,1,1,1,1,1,0,0,0,,eligible,
Facebook Messenger,com.facebook.orca,567.1.0.53.87,acea44f9-6630-4fcd-8ff2-cfbd5aa892fd,strict_idle,2026-07-07T04:27:27.828306+00:00,322.09406,valid,/home/secadmin/Laughlin/GitHub/ScytaleDroid/output/evidence/dynamic/acea44f9-6630-4fcd-8ff2-cfbd5aa892fd/artifacts/pcapdroid_capture/scytaledroid_com_facebook_orca_acea44f9-6630-4fcd-8ff2-cfbd5aa892fd.pcap,present,119726,460,371.711294520613,1.4281542478616338,260.2739130434783,3,2,1,1,1,1,1,0,0,0,,eligible,
Facebook Messenger,com.facebook.orca,567.1.0.53.87,dd62d129-5bde-4961-91ed-a1f1e6069a59,interactive,2026-07-07T04:17:46.023323+00:00,478.07204,valid,/home/secadmin/Laughlin/GitHub/ScytaleDroid/output/evidence/dynamic/dd62d129-5bde-4961-91ed-a1f1e6069a59/artifacts/pcapdroid_capture/scytaledroid_com_facebook_orca_dd62d129-5bde-4961-91ed-a1f1e6069a59.pcap,present,41044739,56858,85854.71553617735,118.93186641912796,721.881511836505,8,1,1,1,1,1,1,0,0,0,,eligible,
Facebook Messenger,com.facebook.orca,567.1.0.53.87,f9ca2087-877d-4533-944e-66d4531ac884,interactive,2026-07-06T04:48:52.768230+00:00,315.618419,valid,/home/secadmin/Laughlin/GitHub/ScytaleDroid/output/evidence/dynamic/f9ca2087-877d-4533-944e-66d4531ac884/artifacts/pcapdroid_capture/scytaledroid_com_facebook_orca_f9ca2087-877d-4533-944e-66d4531ac884.pcap,present,4640115,7072,14701.660995266566,22.40680383105271,656.1248585972851,9,2,1,1,1,1,1,0,0,0,,eligible,
Facebook Messenger,com.facebook.orca,567.1.0.53.87,ffd5c47f-e0de-4ed4-afe6-9a3f7632acef,interactive,2026-07-07T04:10:54.654026+00:00,306.049866,valid,/home/secadmin/Laughlin/GitHub/ScytaleDroid/output/evidence/dynamic/ffd5c47f-e0de-4ed4-afe6-9a3f7632acef/artifacts/pcapdroid_capture/scytaledroid_com_facebook_orca_ffd5c47f-e0de-4ed4-afe6-9a3f7632acef.pcap,present,76024347,90211,248405.09814175183,294.7591553593426,842.7392114043741,10,2,1,1,1,1,1,0,0,0,,eligible,
The Guardian,com.guardian,6.226.23011,2ee8bc5c-1ada-4056-8123-fd0435d282b7,strict_idle,2026-07-06T02:18:15.475385+00:00,280.2455,valid,/home/secadmin/Laughlin/GitHub/ScytaleDroid/output/evidence/dynamic/2ee8bc5c-1ada-4056-8123-fd0435d282b7/artifacts/pcapdroid_capture/scytaledroid_com_guardian_2ee8bc5c-1ada-4056-8123-fd0435d282b7.pcap,present,2302586,2440,8216.317478781997,8.706651846327595,943.682786885246,11,5,1,1,1,1,1,0,0,0,,eligible,
The Guardian,com.guardian,6.226.23011,4650408e-95c9-41a5-b2a6-24b79c9a2b54,interactive,2026-07-06T06:15:14.785939+00:00,283.071412,valid,/home/secadmin/Laughlin/GitHub/ScytaleDroid/output/evidence/dynamic/4650408e-95c9-41a5-b2a6-24b79c9a2b54/artifacts/pcapdroid_capture/scytaledroid_com_guardian_4650408e-95c9-41a5-b2a6-24b79c9a2b54.pcap,present,4306456,4307,15213.320093234988,15.215241869779488,999.8736939865336,14,8,1,1,1,1,1,0,0,0,,eligible,
The Guardian,com.guardian,6.226.23011,800ac262-2eea-4a17-b53b-bfd592d51fa6,qfg,2026-07-02T14:10:08.014427+00:00,1052.405761,valid,/home/secadmin/Laughlin/GitHub/ScytaleDroid/output/evidence/dynamic/800ac262-2eea-4a17-b53b-bfd592d51fa6/artifacts/pcapdroid_capture/scytaledroid_com_guardian_800ac262-2eea-4a17-b53b-bfd592d51fa6.pcap,present,8689799,3328,8257.080417103494,3.1622783942551984,2611.117487980769,12,6,1,1,1,0,1,0,0,0,,eligible,
The Guardian,com.guardian,6.226.23011,8769f768-51ae-4e01-9b14-ae62ba34679c,strict_idle,2026-07-06T02:08:28.375162+00:00,499.104431,valid,/home/secadmin/Laughlin/GitHub/ScytaleDroid/output/evidence/dynamic/8769f768-51ae-4e01-9b14-ae62ba34679c/artifacts/pcapdroid_capture/scytaledroid_com_guardian_8769f768-51ae-4e01-9b14-ae62ba34679c.pcap,present,5891424,3778,11803.990576072445,7.569558123197669,1559.4028586553732,11,6,1,1,1,0,1,0,0,0,,eligible,
The Guardian,com.guardian,6.226.23011,881032b5-61d5-4e7a-8638-8607a95034a5,interactive,2026-07-06T17:32:49.118493+00:00,1131.532686,valid,/home/secadmin/Laughlin/GitHub/ScytaleDroid/output/evidence/dynamic/881032b5-61d5-4e7a-8638-8607a95034a5/artifacts/pcapdroid_capture/scytaledroid_com_guardian_881032b5-61d5-4e7a-8638-8607a95034a5.pcap,present,19602334,10939,17323.70106717359,9.667418480565217,1791.9676387238321,15,7,1,1,1,1,1,0,0,0,,eligible,
The Guardian,com.guardian,6.226.23011,98638ca8-d2fc-4424-a5f0-1c0371def4b2,qfg,2026-07-01T06:47:08.843632+00:00,323.763178,valid,/home/secadmin/Laughlin/GitHub/ScytaleDroid/output/evidence/dynamic/98638ca8-d2fc-4424-a5f0-1c0371def4b2/artifacts/pcapdroid_capture/scytaledroid_com_guardian_98638ca8-d2fc-4424-a5f0-1c0371def4b2.pcap,present,9036807,3666,27911.7812464764,11.323091225648891,2465.031914893617,11,6,1,1,1,0,1,0,0,0,,eligible,
The Guardian,com.guardian,6.226.23011,a19e9b4b-0f38-4f73-a486-323785896b3b,strict_idle,2026-07-06T02:25:00.232658+00:00,630.780581,valid,/home/secadmin/Laughlin/GitHub/ScytaleDroid/output/evidence/dynamic/a19e9b4b-0f38-4f73-a486-323785896b3b/artifacts/pcapdroid_capture/scytaledroid_com_guardian_a19e9b4b-0f38-4f73-a486-323785896b3b.pcap,present,392052,780,621.5346695969387,1.2365631148052099,502.6307692307692,12,7,1,1,1,0,1,0,0,0,,eligible,
The Guardian,com.guardian,6.226.23011,af792cda-682b-4103-925b-a053b28cff1f,interactive,2026-07-06T15:07:28.015806+00:00,1104.462769,valid,/home/secadmin/Laughlin/GitHub/ScytaleDroid/output/evidence/dynamic/af792cda-682b-4103-925b-a053b28cff1f/artifacts/pcapdroid_capture/scytaledroid_com_guardian_af792cda-682b-4103-925b-a053b28cff1f.pcap,present,33358216,14074,30203.114977069905,12.742846925245699,2370.2015063237177,14,8,1,1,1,1,1,0,0,0,,eligible,
The Guardian,com.guardian,6.226.23011,c32d10f5-5d28-49ef-bfe9-3c424ca5823b,interactive,2026-07-06T02:40:21.192887+00:00,359.647483,valid,/home/secadmin/Laughlin/GitHub/ScytaleDroid/output/evidence/dynamic/c32d10f5-5d28-49ef-bfe9-3c424ca5823b/artifacts/pcapdroid_capture/scytaledroid_com_guardian_c32d10f5-5d28-49ef-bfe9-3c424ca5823b.pcap,present,13350517,12028,37121.11895970088,33.44385980312838,1109.953192550715,14,5,1,1,1,1,1,0,0,0,,eligible,
Instagram,com.instagram.android,436.0.0.41.73,a86281b8-bf39-4ff4-97a4-1c446d1cef03,strict_idle,2026-07-07T10:57:03.934483+00:00,367.963581,valid,/home/secadmin/Laughlin/GitHub/ScytaleDroid/output/evidence/dynamic/a86281b8-bf39-4ff4-97a4-1c446d1cef03/artifacts/pcapdroid_capture/scytaledroid_com_instagram_android_a86281b8-bf39-4ff4-97a4-1c446d1cef03.pcap,present,3555446,4084,9662.494289074766,11.098924488399302,870.5793339862879,10,2,1,1,1,1,1,0,0,0,,eligible,
Instagram,com.instagram.android,436.0.0.41.73,bed92445-4088-4c29-82d7-8fecd0d8edb2,interactive,2026-07-07T04:34:15.866031+00:00,866.244456,valid,/home/secadmin/Laughlin/GitHub/ScytaleDroid/output/evidence/dynamic/bed92445-4088-4c29-82d7-8fecd0d8edb2/artifacts/pcapdroid_capture/scytaledroid_com_instagram_android_bed92445-4088-4c29-82d7-8fecd0d8edb2.pcap,present,211310198,184046,243938.29771304186,212.46427463427253,1148.1379546417743,15,2,1,1,1,1,1,0,0,0,,eligible,
Instagram,com.instagram.android,436.0.0.41.73,c6745dc2-ac8c-48bb-8066-498f9eb9f2f5,qfg,2026-07-06T03:24:39.592374+00:00,311.094467,valid,/home/secadmin/Laughlin/GitHub/ScytaleDroid/output/evidence/dynamic/c6745dc2-ac8c-48bb-8066-498f9eb9f2f5/artifacts/pcapdroid_capture/scytaledroid_com_instagram_android_c6745dc2-ac8c-48bb-8066-498f9eb9f2f5.pcap,present,9988302,9303,32106.974117286372,29.90409983730119,1073.6646243147372,10,2,1,1,1,1,1,0,0,0,,eligible,
Instagram,com.instagram.android,436.0.0.41.73,db16b18d-892a-48f4-9ea6-3d059c67024c,strict_idle,2026-07-06T03:16:11.105831+00:00,350.737201,valid,/home/secadmin/Laughlin/GitHub/ScytaleDroid/output/evidence/dynamic/db16b18d-892a-48f4-9ea6-3d059c67024c/artifacts/pcapdroid_capture/scytaledroid_com_instagram_android_db16b18d-892a-48f4-9ea6-3d059c67024c.pcap,present,2319488,2946,6613.179307432518,8.39945118909699,787.3346911065852,10,2,1,1,1,1,1,0,0,0,,eligible,
Instagram,com.instagram.android,436.0.0.41.73,e30e640a-13a9-48db-b900-c021d4700776,qfg,2026-07-06T05:33:58.242623+00:00,318.939492,valid,/home/secadmin/Laughlin/GitHub/ScytaleDroid/output/evidence/dynamic/e30e640a-13a9-48db-b900-c021d4700776/artifacts/pcapdroid_capture/scytaledroid_com_instagram_android_e30e640a-13a9-48db-b900-c021d4700776.pcap,present,15379578,14162,48220.98982963202,44.40340677535161,1085.9750035305747,10,2,1,1,1,1,1,0,0,0,,eligible,
Instagram,com.instagram.android,436.0.0.41.73,e50b2cb6-c942-4b06-b261-45df6d7b0a30,qfg,2026-07-06T03:31:29.512025+00:00,374.476946,valid,/home/secadmin/Laughlin/GitHub/ScytaleDroid/output/evidence/dynamic/e50b2cb6-c942-4b06-b261-45df6d7b0a30/artifacts/pcapdroid_capture/scytaledroid_com_instagram_android_e50b2cb6-c942-4b06-b261-45df6d7b0a30.pcap,present,10225789,9682,27306.85856426526,25.8547291186251,1056.164945259244,10,2,1,1,1,1,1,0,0,0,,eligible,
Instagram,com.instagram.android,436.0.0.41.73,ec701488-abec-423e-bb7e-f79af5774e53,qfg,2026-07-06T02:55:30.906684+00:00,359.757158,valid,/home/secadmin/Laughlin/GitHub/ScytaleDroid/output/evidence/dynamic/ec701488-abec-423e-bb7e-f79af5774e53/artifacts/pcapdroid_capture/scytaledroid_com_instagram_android_ec701488-abec-423e-bb7e-f79af5774e53.pcap,present,49031531,42846,136290.6335834463,119.09700487460488,1144.3665919805817,10,2,1,1,1,1,1,0,0,0,,eligible,
LinkedIn,com.linkedin.android,4.1.1218,72be35d0-3932-480d-b252-88e5d44d55d9,interactive,2026-07-09T18:21:23.448861+00:00,451.126204,valid,/home/secadmin/Laughlin/GitHub/ScytaleDroid/output/evidence/dynamic/72be35d0-3932-480d-b252-88e5d44d55d9/artifacts/pcapdroid_capture/scytaledroid_com_linkedin_android_72be35d0-3932-480d-b252-88e5d44d55d9.pcap,present,94324714,25980,209087.1981358015,57.58920623462609,3630.6664357197847,10,4,1,1,1,1,1,0,0,0,,eligible,
LinkedIn,com.linkedin.android,4.1.1218,877deccd-2d6a-47b2-9dc9-04ae899bd5db,interactive,2026-07-09T04:14:50.973347+00:00,266.724353,valid,/home/secadmin/Laughlin/GitHub/ScytaleDroid/output/evidence/dynamic/877deccd-2d6a-47b2-9dc9-04ae899bd5db/artifacts/pcapdroid_capture/scytaledroid_com_linkedin_android_877deccd-2d6a-47b2-9dc9-04ae899bd5db.pcap,present,41091301,22141,154059.05211812435,83.01079279401232,1855.8918296373245,13,5,1,1,1,1,1,0,0,0,,eligible,
LinkedIn,com.linkedin.android,4.1.1218,88ca8fa5-1149-4d4b-902f-86f4e82897ea,qfg,2026-07-06T04:59:23.289674+00:00,350.752433,valid,/home/secadmin/Laughlin/GitHub/ScytaleDroid/output/evidence/dynamic/88ca8fa5-1149-4d4b-902f-86f4e82897ea/artifacts/pcapdroid_capture/scytaledroid_com_linkedin_android_88ca8fa5-1149-4d4b-902f-86f4e82897ea.pcap,present,7004869,2924,19970.977649640423,8.336364127230445,2395.6460328317376,10,3,1,1,1,1,1,0,0,0,,eligible,
LinkedIn,com.linkedin.android,4.1.1218,9db2b195-05a4-4d18-a85d-38fe9130c975,interactive,2026-07-09T17:12:51.051018+00:00,268.942172,valid,/home/secadmin/Laughlin/GitHub/ScytaleDroid/output/evidence/dynamic/9db2b195-05a4-4d18-a85d-38fe9130c975/artifacts/pcapdroid_capture/scytaledroid_com_linkedin_android_9db2b195-05a4-4d18-a85d-38fe9130c975.pcap,present,177580603,124342,660292.8863086596,462.33730870590273,1428.1626723070242,9,3,1,1,1,1,1,0,0,0,,eligible,
LinkedIn,com.linkedin.android,4.1.1218,a45a5e99-0e3e-4a26-a1e2-93fcb33994fc,strict_idle,2026-07-06T05:07:00.579462+00:00,744.012183,valid,/home/secadmin/Laughlin/GitHub/ScytaleDroid/output/evidence/dynamic/a45a5e99-0e3e-4a26-a1e2-93fcb33994fc/artifacts/pcapdroid_capture/scytaledroid_com_linkedin_android_a45a5e99-0e3e-4a26-a1e2-93fcb33994fc.pcap,present,1758022,2463,2362.8941033079827,3.310429662682015,713.7726349979699,10,3,1,1,1,1,1,0,0,0,,eligible,
LinkedIn,com.linkedin.android,4.1.1218,baa88347-fb99-4ec4-9bc7-a99b77e8a356,interactive,2026-07-06T19:33:21.372277+00:00,502.22128,valid,/home/secadmin/Laughlin/GitHub/ScytaleDroid/output/evidence/dynamic/baa88347-fb99-4ec4-9bc7-a99b77e8a356/artifacts/pcapdroid_capture/scytaledroid_com_linkedin_android_baa88347-fb99-4ec4-9bc7-a99b77e8a356.pcap,present,78317505,43224,155942.22729869193,86.06564819395945,1811.8985980011105,9,3,1,1,1,1,1,0,0,0,,eligible,
LinkedIn,com.linkedin.android,4.1.1218,dee02a1b-93eb-4476-8691-105e360eac67,strict_idle,2026-07-06T05:21:27.192114+00:00,521.698196,valid,/home/secadmin/Laughlin/GitHub/ScytaleDroid/output/evidence/dynamic/dee02a1b-93eb-4476-8691-105e360eac67/artifacts/pcapdroid_capture/scytaledroid_com_linkedin_android_dee02a1b-93eb-4476-8691-105e360eac67.pcap,present,3235527,2835,6201.91333764934,5.434176352796895,1141.279365079365,9,3,1,1,1,1,1,0,0,0,,eligible,
LinkedIn,com.linkedin.android,4.1.1218,fe44cb00-1593-4819-b227-cf84e48f48cb,strict_idle,2026-07-06T05:41:07.104912+00:00,253.286214,valid,/home/secadmin/Laughlin/GitHub/ScytaleDroid/output/evidence/dynamic/fe44cb00-1593-4819-b227-cf84e48f48cb/artifacts/pcapdroid_capture/scytaledroid_com_linkedin_android_fe44cb00-1593-4819-b227-cf84e48f48cb.pcap,present,2104881,1499,8310.286480889954,5.9182060339059746,1404.1901267511676,9,3,1,1,1,1,1,0,0,0,,eligible,
Pinterest,com.pinterest,14.26.0,029f8e5e-1621-427f-885c-19c10a6825be,strict_idle,2026-07-09T00:40:27.973185+00:00,547.507627,valid,/home/secadmin/Laughlin/GitHub/ScytaleDroid/output/evidence/dynamic/029f8e5e-1621-427f-885c-19c10a6825be/artifacts/pcapdroid_capture/scytaledroid_com_pinterest_029f8e5e-1621-427f-885c-19c10a6825be.pcap,present,1491149,1136,2723.521877075148,2.0748569407600237,1312.631161971831,8,5,1,1,1,1,1,0,0,0,,eligible,
Pinterest,com.pinterest,14.26.0,35789b9f-64eb-41b6-b2fe-21c59a537fe8,strict_idle,2026-07-09T00:53:17.580558+00:00,317.106367,valid,/home/secadmin/Laughlin/GitHub/ScytaleDroid/output/evidence/dynamic/35789b9f-64eb-41b6-b2fe-21c59a537fe8/artifacts/pcapdroid_capture/scytaledroid_com_pinterest_35789b9f-64eb-41b6-b2fe-21c59a537fe8.pcap,present,1420326,1028,4479.020757095048,3.24181444139846,1381.6400778210116,7,5,1,1,1,1,1,0,0,0,,eligible,
Pinterest,com.pinterest,14.26.0,6c761999-80a9-4892-9e34-bec8039e374f,strict_idle,2026-07-09T04:21:31.291472+00:00,254.199561,valid,/home/secadmin/Laughlin/GitHub/ScytaleDroid/output/evidence/dynamic/6c761999-80a9-4892-9e34-bec8039e374f/artifacts/pcapdroid_capture/scytaledroid_com_pinterest_6c761999-80a9-4892-9e34-bec8039e374f.pcap,present,1446499,961,5690.407152198032,3.7804943337411983,1505.2018730489074,7,5,1,1,1,1,1,0,0,0,,eligible,
Pinterest,com.pinterest,14.26.0,88f52203-db12-4ba0-bfce-48c45d559f8e,strict_idle,2026-07-09T01:00:23.024782+00:00,300.80337,valid,/home/secadmin/Laughlin/GitHub/ScytaleDroid/output/evidence/dynamic/88f52203-db12-4ba0-bfce-48c45d559f8e/artifacts/pcapdroid_capture/scytaledroid_com_pinterest_88f52203-db12-4ba0-bfce-48c45d559f8e.pcap,present,64474,194,214.3393539773175,0.6449395829574649,332.340206185567,4,3,1,1,1,0,1,0,0,0,,eligible,
Pinterest,com.pinterest,14.26.0,99d38ac7-c7de-40db-873c-c1ce4416929d,interactive,2026-07-09T18:51:50.559971+00:00,718.444672,valid,/home/secadmin/Laughlin/GitHub/ScytaleDroid/output/evidence/dynamic/99d38ac7-c7de-40db-873c-c1ce4416929d/artifacts/pcapdroid_capture/scytaledroid_com_pinterest_99d38ac7-c7de-40db-873c-c1ce4416929d.pcap,present,22639848,21754,31512.30551543432,30.279297554593043,1040.7211547301645,10,6,1,1,1,1,1,0,0,0,,eligible,
Pinterest,com.pinterest,14.26.0,d23c56e6-eac7-4453-b1ff-c4b387e9a942,strict_idle,2026-07-09T00:32:32.012040+00:00,268.397199,valid,/home/secadmin/Laughlin/GitHub/ScytaleDroid/output/evidence/dynamic/d23c56e6-eac7-4453-b1ff-c4b387e9a942/artifacts/pcapdroid_capture/scytaledroid_com_pinterest_d23c56e6-eac7-4453-b1ff-c4b387e9a942.pcap,present,71886,244,267.8343897322118,0.9091003963867745,294.61475409836066,2,1,1,1,1,0,1,0,0,0,,eligible,
Pinterest,com.pinterest,14.26.0,d4b09f72-1e21-44e7-b232-c019b901facd,interactive,2026-07-09T18:41:47.075288+00:00,434.934883,valid,/home/secadmin/Laughlin/GitHub/ScytaleDroid/output/evidence/dynamic/d4b09f72-1e21-44e7-b232-c019b901facd/artifacts/pcapdroid_capture/scytaledroid_com_pinterest_d4b09f72-1e21-44e7-b232-c019b901facd.pcap,present,12927532,13756,29722.91371717821,31.627722994110822,939.7740622273917,11,6,1,1,1,1,1,0,0,0,,eligible,
Reddit,com.reddit.frontpage,2026.26.0,486edb3b-e0df-4356-afd1-e6cbd17f7df0,strict_idle,2026-07-06T14:51:04.074004+00:00,609.250286,valid,/home/secadmin/Laughlin/GitHub/ScytaleDroid/output/evidence/dynamic/486edb3b-e0df-4356-afd1-e6cbd17f7df0/artifacts/pcapdroid_capture/scytaledroid_com_reddit_frontpage_486edb3b-e0df-4356-afd1-e6cbd17f7df0.pcap,present,1866485,2192,3063.57673174732,3.5978645400258378,851.4986313868613,11,3,1,1,1,1,1,0,0,0,,eligible,
Reddit,com.reddit.frontpage,2026.26.0,73c4661f-d513-4124-9890-76cda46252e3,qfg,2026-07-02T04:59:01.773558+00:00,383.207457,valid,/home/secadmin/Laughlin/GitHub/ScytaleDroid/output/evidence/dynamic/73c4661f-d513-4124-9890-76cda46252e3/artifacts/pcapdroid_capture/scytaledroid_com_reddit_frontpage_73c4661f-d513-4124-9890-76cda46252e3.pcap,present,7857179,7372,20503.72156510514,19.23762146413555,1065.813754747694,11,4,1,1,1,1,1,0,0,0,,eligible,
Reddit,com.reddit.frontpage,2026.26.0,9cd06ac2-2070-4028-806d-c04501aa44e1,qfg,2026-07-02T04:39:58.152475+00:00,564.641205,valid,/home/secadmin/Laughlin/GitHub/ScytaleDroid/output/evidence/dynamic/9cd06ac2-2070-4028-806d-c04501aa44e1/artifacts/pcapdroid_capture/scytaledroid_com_reddit_frontpage_9cd06ac2-2070-4028-806d-c04501aa44e1.pcap,present,30663328,26650,54305.86313657361,47.19811406608201,1150.5939212007504,11,4,1,1,1,1,1,0,0,0,,eligible,
Reddit,com.reddit.frontpage,2026.26.0,a4087adf-cf1a-4012-b5e5-a3c8013db498,interactive,2026-07-09T05:10:44.165489+00:00,248.559746,valid,/home/secadmin/Laughlin/GitHub/ScytaleDroid/output/evidence/dynamic/a4087adf-cf1a-4012-b5e5-a3c8013db498/artifacts/pcapdroid_capture/scytaledroid_com_reddit_frontpage_a4087adf-cf1a-4012-b5e5-a3c8013db498.pcap,present,10556596,10343,42471.06045884035,41.61172581822642,1020.6512617229043,12,4,1,1,1,1,1,0,0,0,,eligible,
Reddit,com.reddit.frontpage,2026.26.0,b21e68e9-0a23-4d8a-ab2e-9e1a0bf82236,qfg,2026-07-02T05:08:00.047245+00:00,341.27281,valid,/home/secadmin/Laughlin/GitHub/ScytaleDroid/output/evidence/dynamic/b21e68e9-0a23-4d8a-ab2e-9e1a0bf82236/artifacts/pcapdroid_capture/scytaledroid_com_reddit_frontpage_b21e68e9-0a23-4d8a-ab2e-9e1a0bf82236.pcap,present,7711309,7374,22595.732135824124,21.607346919902586,1045.7430160021697,11,4,1,1,1,1,1,0,0,0,,eligible,
Reddit,com.reddit.frontpage,2026.26.0,ba6e92ac-b89d-4d67-96c0-a5172a373411,strict_idle,2026-07-02T04:51:10.840182+00:00,387.29166,valid,/home/secadmin/Laughlin/GitHub/ScytaleDroid/output/evidence/dynamic/ba6e92ac-b89d-4d67-96c0-a5172a373411/artifacts/pcapdroid_capture/scytaledroid_com_reddit_frontpage_ba6e92ac-b89d-4d67-96c0-a5172a373411.pcap,present,3836562,3976,9906.131208712319,10.266164781343342,964.9300804828974,11,4,1,1,1,1,1,0,0,0,,eligible,
Snapchat,com.snapchat.android,14.14.0.43,1f178ebc-7670-4fbc-ad5f-77cfef19bcae,qfg,2026-07-09T19:34:51.566910+00:00,263.126787,valid,/home/secadmin/Laughlin/GitHub/ScytaleDroid/output/evidence/dynamic/1f178ebc-7670-4fbc-ad5f-77cfef19bcae/artifacts/pcapdroid_capture/scytaledroid_com_snapchat_android_1f178ebc-7670-4fbc-ad5f-77cfef19bcae.pcap,present,8037587,2053,30546.441476519078,7.802322307838617,3915.0448124695567,9,2,1,1,1,1,1,0,0,0,,eligible,
Snapchat,com.snapchat.android,14.14.0.43,7993cef2-5589-4015-849c-6983f6659a13,interactive,2026-07-09T19:55:17.506927+00:00,717.851618,valid,/home/secadmin/Laughlin/GitHub/ScytaleDroid/output/evidence/dynamic/7993cef2-5589-4015-849c-6983f6659a13/artifacts/pcapdroid_capture/scytaledroid_com_snapchat_android_7993cef2-5589-4015-849c-6983f6659a13.pcap,present,34993016,12094,48746.86512164412,16.847492847748935,2893.419546882752,11,2,1,1,1,1,1,0,0,0,,eligible,
Snapchat,com.snapchat.android,14.14.0.43,9ddade5d-49b4-40a7-b681-c84bf60694ff,strict_idle,2026-07-09T19:40:59.840648+00:00,357.438323,valid,/home/secadmin/Laughlin/GitHub/ScytaleDroid/output/evidence/dynamic/9ddade5d-49b4-40a7-b681-c84bf60694ff/artifacts/pcapdroid_capture/scytaledroid_com_snapchat_android_9ddade5d-49b4-40a7-b681-c84bf60694ff.pcap,present,2646361,1420,7403.685698245624,3.9727133567600132,1863.6345070422535,11,3,1,1,1,1,1,0,0,0,,eligible,
Snapchat,com.snapchat.android,14.14.0.43,cf2ed3ff-4247-4f1c-8d0d-800ad025c897,interactive,2026-07-09T20:09:47.841742+00:00,621.628965,valid,/home/secadmin/Laughlin/GitHub/ScytaleDroid/output/evidence/dynamic/cf2ed3ff-4247-4f1c-8d0d-800ad025c897/artifacts/pcapdroid_capture/scytaledroid_com_snapchat_android_cf2ed3ff-4247-4f1c-8d0d-800ad025c897.pcap,present,66810101,27078,107475.84935975434,43.559746286918916,2467.3203707807074,11,3,1,1,1,1,1,0,0,0,,eligible,
Snapchat,com.snapchat.android,14.14.0.43,f43d09e5-b757-46fd-80f1-7ebcc614d875,qfg,2026-07-09T19:27:03.585254+00:00,346.703513,valid,/home/secadmin/Laughlin/GitHub/ScytaleDroid/output/evidence/dynamic/f43d09e5-b757-46fd-80f1-7ebcc614d875/artifacts/pcapdroid_capture/scytaledroid_com_snapchat_android_f43d09e5-b757-46fd-80f1-7ebcc614d875.pcap,present,7321212,3044,21116.63633474634,8.77983604394571,2405.1287779237846,11,2,1,1,1,1,1,0,0,0,,eligible,
X,com.twitter.android,12.5.0-release.0,09c50c80-518d-4a0e-818c-268ffd350f5b,strict_idle,2026-07-04T16:23:58.948743+00:00,449.525231,valid,/home/secadmin/Laughlin/GitHub/ScytaleDroid/output/evidence/dynamic/09c50c80-518d-4a0e-818c-268ffd350f5b/artifacts/pcapdroid_capture/scytaledroid_com_twitter_android_09c50c80-518d-4a0e-818c-268ffd350f5b.pcap,present,238948,842,531.5563699693644,1.873087297295666,283.78622327790976,9,4,1,1,1,0,1,0,0,0,,eligible,
X,com.twitter.android,12.5.0-release.0,11f32b26-99fa-4fb4-9aaf-77f1d9af590c,strict_idle,2026-07-04T16:14:31.657583+00:00,432.969412,valid,/home/secadmin/Laughlin/GitHub/ScytaleDroid/output/evidence/dynamic/11f32b26-99fa-4fb4-9aaf-77f1d9af590c/artifacts/pcapdroid_capture/scytaledroid_com_twitter_android_11f32b26-99fa-4fb4-9aaf-77f1d9af590c.pcap,present,1621929,1680,3746.0590865019353,3.880181725169999,965.4339285714286,11,5,1,1,1,1,1,0,0,0,,eligible,
X,com.twitter.android,12.5.0-release.0,1305d61c-1498-4991-a215-032a00f12b2b,interactive,2026-07-06T19:20:21.877584+00:00,683.331017,valid,/home/secadmin/Laughlin/GitHub/ScytaleDroid/output/evidence/dynamic/1305d61c-1498-4991-a215-032a00f12b2b/artifacts/pcapdroid_capture/scytaledroid_com_twitter_android_1305d61c-1498-4991-a215-032a00f12b2b.pcap,present,18485595,9670,27052.181944201137,14.151267481540357,1911.6437435367116,11,4,1,1,1,1,1,0,0,0,,eligible,
X,com.twitter.android,12.5.0-release.0,4826adbf-e7b9-4119-a495-ac30c442e95d,interactive,2026-07-06T06:21:38.791888+00:00,300.128627,valid,/home/secadmin/Laughlin/GitHub/ScytaleDroid/output/evidence/dynamic/4826adbf-e7b9-4119-a495-ac30c442e95d/artifacts/pcapdroid_capture/scytaledroid_com_twitter_android_4826adbf-e7b9-4119-a495-ac30c442e95d.pcap,present,13463246,6232,44858.253391470054,20.764430445350353,2160.3411424903725,13,3,1,1,1,0,1,0,0,0,,eligible,
X,com.twitter.android,12.5.0-release.0,67b3fa18-ac60-4c14-8711-0df566e93608,interactive,2026-07-05T20:36:28.746741+00:00,347.431756,valid,/home/secadmin/Laughlin/GitHub/ScytaleDroid/output/evidence/dynamic/67b3fa18-ac60-4c14-8711-0df566e93608/artifacts/pcapdroid_capture/scytaledroid_com_twitter_android_67b3fa18-ac60-4c14-8711-0df566e93608.pcap,present,23842210,9874,68624.15305525497,28.41996976234953,2414.645533724934,13,5,1,1,1,1,1,0,0,0,,eligible,
X,com.twitter.android,12.5.0-release.0,842410c2-036f-4482-bd70-693d07a4ec7e,strict_idle,2026-07-04T16:36:05.875379+00:00,580.310518,valid,/home/secadmin/Laughlin/GitHub/ScytaleDroid/output/evidence/dynamic/842410c2-036f-4482-bd70-693d07a4ec7e/artifacts/pcapdroid_capture/scytaledroid_com_twitter_android_842410c2-036f-4482-bd70-693d07a4ec7e.pcap,present,678103,1221,1168.5175073804194,2.104045958374306,555.3669123669124,11,5,1,1,1,1,1,0,0,0,,eligible,
X,com.twitter.android,12.5.0-release.0,8d811dea-a6b3-456c-8b09-79985803ba2b,qfg,2026-07-06T14:20:31.541663+00:00,1719.521736,valid,/home/secadmin/Laughlin/GitHub/ScytaleDroid/output/evidence/dynamic/8d811dea-a6b3-456c-8b09-79985803ba2b/artifacts/pcapdroid_capture/scytaledroid_com_twitter_android_8d811dea-a6b3-456c-8b09-79985803ba2b.pcap,present,10271901,5874,5973.696513947411,3.4160661520128643,1748.7063329928499,13,5,1,1,1,1,1,0,0,0,,eligible,
X,com.twitter.android,12.5.0-release.0,b25d4153-50e4-472d-8534-cd005af3f698,interactive,2026-07-06T19:03:01.852872+00:00,633.790682,valid,/home/secadmin/Laughlin/GitHub/ScytaleDroid/output/evidence/dynamic/b25d4153-50e4-472d-8534-cd005af3f698/artifacts/pcapdroid_capture/scytaledroid_com_twitter_android_b25d4153-50e4-472d-8534-cd005af3f698.pcap,present,22460186,9841,35437.86085513955,15.52720839780349,2282.3072858449345,11,4,1,1,1,1,1,0,0,0,,eligible,
WhatsApp,com.whatsapp,2.26.25.80,1a58612d-70cf-4d48-8cd3-0df5ae1994af,interactive,2026-07-05T18:39:59.295253+00:00,503.916887,valid,/home/secadmin/Laughlin/GitHub/ScytaleDroid/output/evidence/dynamic/1a58612d-70cf-4d48-8cd3-0df5ae1994af/artifacts/pcapdroid_capture/scytaledroid_com_whatsapp_1a58612d-70cf-4d48-8cd3-0df5ae1994af.pcap,present,3109705,10345,6171.0672537949695,20.52917905090964,300.59980666988884,7,2,1,1,1,1,1,0,0,0,,eligible,
WhatsApp,com.whatsapp,2.26.25.80,1df0c660-3cb3-4158-a312-86d02abe360d,interactive,2026-07-05T18:49:55.966395+00:00,556.197582,valid,/home/secadmin/Laughlin/GitHub/ScytaleDroid/output/evidence/dynamic/1df0c660-3cb3-4158-a312-86d02abe360d/artifacts/pcapdroid_capture/scytaledroid_com_whatsapp_1df0c660-3cb3-4158-a312-86d02abe360d.pcap,present,153456579,168734,275902.9955653421,303.37061048208585,909.4585501440137,3,1,1,1,1,1,1,0,0,0,,eligible,
WhatsApp,com.whatsapp,2.26.25.80,2768fff3-52e1-46a8-93b0-a7a989252e8d,strict_idle,2026-07-05T18:14:09.536044+00:00,597.51757,valid,/home/secadmin/Laughlin/GitHub/ScytaleDroid/output/evidence/dynamic/2768fff3-52e1-46a8-93b0-a7a989252e8d/artifacts/pcapdroid_capture/scytaledroid_com_whatsapp_2768fff3-52e1-46a8-93b0-a7a989252e8d.pcap,present,102354,466,171.29872850433503,0.7798933845577127,219.64377682403435,3,1,1,1,1,1,1,0,0,0,,eligible,
WhatsApp,com.whatsapp,2.26.25.80,415f0bcd-3c4e-4c69-8a16-a66c4c629ea5,strict_idle,2026-07-04T16:47:49.614871+00:00,426.933886,valid,/home/secadmin/Laughlin/GitHub/ScytaleDroid/output/evidence/dynamic/415f0bcd-3c4e-4c69-8a16-a66c4c629ea5/artifacts/pcapdroid_capture/scytaledroid_com_whatsapp_415f0bcd-3c4e-4c69-8a16-a66c4c629ea5.pcap,present,52580,254,123.1572421965119,0.5949398919344622,207.00787401574803,2,1,1,1,0,1,1,0,0,0,,eligible,
WhatsApp,com.whatsapp,2.26.25.80,6e1def29-f200-4edb-a2c1-99194e82ab82,interactive,2026-07-06T04:25:26.883796+00:00,681.117067,valid,/home/secadmin/Laughlin/GitHub/ScytaleDroid/output/evidence/dynamic/6e1def29-f200-4edb-a2c1-99194e82ab82/artifacts/pcapdroid_capture/scytaledroid_com_whatsapp_6e1def29-f200-4edb-a2c1-99194e82ab82.pcap,present,189281218,212646,277898.2162841619,312.20183769084736,890.1235762723023,4,1,1,1,1,1,1,0,0,0,,eligible,
WhatsApp,com.whatsapp,2.26.25.80,9ebf5875-e6e7-4da3-914b-b2a36f24530c,strict_idle,2026-07-05T17:49:30.157661+00:00,573.585943,valid,/home/secadmin/Laughlin/GitHub/ScytaleDroid/output/evidence/dynamic/9ebf5875-e6e7-4da3-914b-b2a36f24530c/artifacts/pcapdroid_capture/scytaledroid_com_whatsapp_9ebf5875-e6e7-4da3-914b-b2a36f24530c.pcap,present,76939,351,134.13682977931694,0.6119396827686902,219.1994301994302,2,1,1,1,1,1,1,0,0,0,,eligible,
WhatsApp,com.whatsapp,2.26.25.80,c6236c1f-0360-406e-86a4-21b782cee223,interactive,2026-07-06T04:39:53.245846+00:00,434.839878,valid,/home/secadmin/Laughlin/GitHub/ScytaleDroid/output/evidence/dynamic/c6236c1f-0360-406e-86a4-21b782cee223/artifacts/pcapdroid_capture/scytaledroid_com_whatsapp_c6236c1f-0360-406e-86a4-21b782cee223.pcap,present,245996,1642,565.7162841904762,3.7761026140293414,149.8148599269184,3,1,1,1,1,1,1,0,0,0,,eligible,
WhatsApp,com.whatsapp,2.26.25.80,dcf60233-71bc-4fca-8e25-d337ba39ee5b,interactive,2026-07-05T19:01:26.262010+00:00,935.847851,valid,/home/secadmin/Laughlin/GitHub/ScytaleDroid/output/evidence/dynamic/dcf60233-71bc-4fca-8e25-d337ba39ee5b/artifacts/pcapdroid_capture/scytaledroid_com_whatsapp_dcf60233-71bc-4fca-8e25-d337ba39ee5b.pcap,present,172666259,193731,184502.49024507296,207.0112142620072,891.2680933872225,3,1,1,1,1,1,1,0,0,0,,eligible,
WhatsApp,com.whatsapp,2.26.25.80,e1a43f05-f84b-4d4b-be33-24210ed927a2,strict_idle,2026-07-05T18:25:31.016659+00:00,743.59752,valid,/home/secadmin/Laughlin/GitHub/ScytaleDroid/output/evidence/dynamic/e1a43f05-f84b-4d4b-be33-24210ed927a2/artifacts/pcapdroid_capture/scytaledroid_com_whatsapp_e1a43f05-f84b-4d4b-be33-24210ed927a2.pcap,present,85020,395,114.33604566083007,0.5312013412847315,215.2405063291139,3,1,1,1,1,1,1,0,0,0,,eligible,
TikTok,com.zhiliaoapp.musically,45.7.3,16cf4821-f638-4a43-ae3f-d3539877a706,qfg,2026-07-05T19:30:40.010112+00:00,301.185159,valid,/home/secadmin/Laughlin/GitHub/ScytaleDroid/output/evidence/dynamic/16cf4821-f638-4a43-ae3f-d3539877a706/artifacts/pcapdroid_capture/scytaledroid_com_zhiliaoapp_musically_16cf4821-f638-4a43-ae3f-d3539877a706.pcap,present,17043036,14355,56586.57304558622,47.66171098091855,1187.2543364681296,12,3,1,1,1,1,1,0,0,0,,eligible,
TikTok,com.zhiliaoapp.musically,45.7.3,2f9d24a9-7835-4947-9760-b6b1d30c465d,interactive,2026-07-01T06:23:52.636876+00:00,1218.544152,valid,/home/secadmin/Laughlin/GitHub/ScytaleDroid/output/evidence/dynamic/2f9d24a9-7835-4947-9760-b6b1d30c465d/artifacts/pcapdroid_capture/scytaledroid_com_zhiliaoapp_musically_2f9d24a9-7835-4947-9760-b6b1d30c465d.pcap,present,399066697,348121,327494.65527778433,285.685996218215,1146.3447967804298,13,2,1,1,1,1,1,0,0,0,,eligible,
TikTok,com.zhiliaoapp.musically,45.7.3,3c579ee4-fbf0-4581-b7cd-a62c3c201ee3,qfg,2026-07-05T20:44:12.005433+00:00,263.882715,valid,/home/secadmin/Laughlin/GitHub/ScytaleDroid/output/evidence/dynamic/3c579ee4-fbf0-4581-b7cd-a62c3c201ee3/artifacts/pcapdroid_capture/scytaledroid_com_zhiliaoapp_musically_3c579ee4-fbf0-4581-b7cd-a62c3c201ee3.pcap,present,6854921,7425,25977.15049278616,28.13750040429893,923.2216835016835,14,4,1,1,1,1,1,0,0,0,,eligible,
TikTok,com.zhiliaoapp.musically,45.7.3,438dbff6-8bb2-400c-b927-9542fb875347,qfg,2026-06-30T04:45:12.774258+00:00,507.160632,valid,/home/secadmin/Laughlin/GitHub/ScytaleDroid/output/evidence/dynamic/438dbff6-8bb2-400c-b927-9542fb875347/artifacts/pcapdroid_capture/scytaledroid_438dbff6-8bb2-400c-b927-9542fb875347.pcap,present,12235994,12546,24126.466503811753,24.737724516440778,975.2904511398056,14,3,1,1,1,1,1,0,0,0,,eligible,
TikTok,com.zhiliaoapp.musically,45.7.3,541d5d9a-9a0c-496a-9f92-c6ea4c692b1e,qfg,2026-07-05T19:39:32.639189+00:00,251.306869,valid,/home/secadmin/Laughlin/GitHub/ScytaleDroid/output/evidence/dynamic/541d5d9a-9a0c-496a-9f92-c6ea4c692b1e/artifacts/pcapdroid_capture/scytaledroid_com_zhiliaoapp_musically_541d5d9a-9a0c-496a-9f92-c6ea4c692b1e.pcap,present,11222796,11258,44657.73675290985,44.797820468647835,996.8729792147806,15,5,1,1,1,1,1,0,0,0,,eligible,
TikTok,com.zhiliaoapp.musically,45.7.3,869a2493-cdab-4cc5-8ac0-d8c84ad8ec6a,qfg,2026-06-30T04:17:09.743586+00:00,436.399372,valid,/home/secadmin/Laughlin/GitHub/ScytaleDroid/output/evidence/dynamic/869a2493-cdab-4cc5-8ac0-d8c84ad8ec6a/artifacts/pcapdroid_capture/scytaledroid_869a2493-cdab-4cc5-8ac0-d8c84ad8ec6a.pcap,present,80360234,27068,184143.7892811633,62.02575378591516,2968.82791488104,12,2,1,1,1,1,1,0,0,0,,eligible,
TikTok,com.zhiliaoapp.musically,45.7.3,8f534340-5c02-4eb3-a123-f89f2cf5baff,qfg,2026-07-06T17:53:51.778921+00:00,548.934479,valid,/home/secadmin/Laughlin/GitHub/ScytaleDroid/output/evidence/dynamic/8f534340-5c02-4eb3-a123-f89f2cf5baff/artifacts/pcapdroid_capture/scytaledroid_com_zhiliaoapp_musically_8f534340-5c02-4eb3-a123-f89f2cf5baff.pcap,present,8026173,8372,14621.367953824594,15.25136481725718,958.6924271380793,15,3,1,1,1,1,1,0,0,0,,eligible,
TikTok,com.zhiliaoapp.musically,45.7.3,c2c9859f-eb8c-4eb2-9c1d-f17490fa5614,qfg,2026-07-05T20:50:15.915297+00:00,5443.14502,valid,/home/secadmin/Laughlin/GitHub/ScytaleDroid/output/evidence/dynamic/c2c9859f-eb8c-4eb2-9c1d-f17490fa5614/artifacts/pcapdroid_capture/scytaledroid_com_zhiliaoapp_musically_c2c9859f-eb8c-4eb2-9c1d-f17490fa5614.pcap,present,14039466,15850,2579.293027912014,2.9119194770232304,885.7707255520505,14,3,1,1,1,1,1,0,0,0,,eligible,
TikTok,com.zhiliaoapp.musically,45.7.3,c5ea1472-85ab-4927-8e79-39e194ea185c,interactive,2026-07-06T18:06:16.728204+00:00,429.308357,valid,/home/secadmin/Laughlin/GitHub/ScytaleDroid/output/evidence/dynamic/c5ea1472-85ab-4927-8e79-39e194ea185c/artifacts/pcapdroid_capture/scytaledroid_com_zhiliaoapp_musically_c5ea1472-85ab-4927-8e79-39e194ea185c.pcap,present,171616073,142622,399750.13344545726,332.2134257917555,1203.2931314944399,14,4,1,1,1,1,1,0,0,0,,eligible,
TikTok,com.zhiliaoapp.musically,45.7.3,d4a6050d-f1c0-4ed7-a65b-0875e4367e61,interactive,2026-07-01T06:10:04.346704+00:00,726.207217,valid,/home/secadmin/Laughlin/GitHub/ScytaleDroid/output/evidence/dynamic/d4a6050d-f1c0-4ed7-a65b-0875e4367e61/artifacts/pcapdroid_capture/scytaledroid_com_zhiliaoapp_musically_d4a6050d-f1c0-4ed7-a65b-0875e4367e61.pcap,present,203810963,168725,280651.24971072824,232.3372668988499,1207.9476248333087,14,3,1,1,1,1,1,0,0,0,,eligible,
TikTok,com.zhiliaoapp.musically,45.7.3,f2b3dc07-2c57-4001-9723-af842db1272b,qfg,2026-06-30T04:34:59.851231+00:00,499.261896,valid,/home/secadmin/Laughlin/GitHub/ScytaleDroid/output/evidence/dynamic/f2b3dc07-2c57-4001-9723-af842db1272b/artifacts/pcapdroid_capture/scytaledroid_f2b3dc07-2c57-4001-9723-af842db1272b.pcap,present,13603212,12196,27246.645716379688,24.42806089892348,1115.383076418498,13,4,1,1,1,1,1,0,0,0,,eligible,
Telegram,org.telegram.messenger,12.8.3,1955d4c8-51ec-47d1-87ce-d51b2bfc5b9e,interactive,2026-07-09T17:36:12.822034+00:00,467.18966,valid,/home/secadmin/Laughlin/GitHub/ScytaleDroid/output/evidence/dynamic/1955d4c8-51ec-47d1-87ce-d51b2bfc5b9e/artifacts/pcapdroid_capture/scytaledroid_org_telegram_messenger_1955d4c8-51ec-47d1-87ce-d51b2bfc5b9e.pcap,present,27062476,37309,57926.102217245134,79.85835987894082,725.3605296309202,0,0,1,1,1,0,0,0,0,0,,eligible,
Telegram,org.telegram.messenger,12.8.3,3684f7ac-ef94-4380-ac7a-f3fb3c37310e,strict_idle,2026-07-09T03:47:49.515180+00:00,261.386873,valid,/home/secadmin/Laughlin/GitHub/ScytaleDroid/output/evidence/dynamic/3684f7ac-ef94-4380-ac7a-f3fb3c37310e/artifacts/pcapdroid_capture/scytaledroid_org_telegram_messenger_3684f7ac-ef94-4380-ac7a-f3fb3c37310e.pcap,present,32680,196,125.02540630645979,0.7498463780925985,166.73469387755102,1,1,1,1,1,0,1,0,0,0,,eligible,
Telegram,org.telegram.messenger,12.8.3,4075e587-916b-4ea3-8bd0-d7c2bf6c2b3a,strict_idle,2026-07-09T03:28:48.761143+00:00,400.563576,valid,/home/secadmin/Laughlin/GitHub/ScytaleDroid/output/evidence/dynamic/4075e587-916b-4ea3-8bd0-d7c2bf6c2b3a/artifacts/pcapdroid_capture/scytaledroid_org_telegram_messenger_4075e587-916b-4ea3-8bd0-d7c2bf6c2b3a.pcap,present,117657,490,293.7286539503032,1.22327647684072,240.11632653061224,1,1,1,1,1,0,1,0,0,0,,eligible,
Telegram,org.telegram.messenger,12.8.3,9ee7db5d-853b-456f-80ba-e92c3fb767d9,interactive,2026-07-09T03:54:04.902685+00:00,276.006772,valid,/home/secadmin/Laughlin/GitHub/ScytaleDroid/output/evidence/dynamic/9ee7db5d-853b-456f-80ba-e92c3fb767d9/artifacts/pcapdroid_capture/scytaledroid_org_telegram_messenger_9ee7db5d-853b-456f-80ba-e92c3fb767d9.pcap,present,893971,1598,3238.945890791404,5.789713014722697,559.4311639549437,0,0,1,0,1,0,0,0,0,0,,eligible,
Telegram,org.telegram.messenger,12.8.3,c56c50ce-8f93-44a8-b6fa-78ebf4ee8d85,strict_idle,2026-07-09T03:38:00.160537+00:00,309.202624,valid,/home/secadmin/Laughlin/GitHub/ScytaleDroid/output/evidence/dynamic/c56c50ce-8f93-44a8-b6fa-78ebf4ee8d85/artifacts/pcapdroid_capture/scytaledroid_org_telegram_messenger_c56c50ce-8f93-44a8-b6fa-78ebf4ee8d85.pcap,present,26828,210,86.7651110231199,0.6791662932330095,127.75238095238095,0,0,1,0,1,0,0,0,0,0,,eligible,
Telegram,org.telegram.messenger,12.8.3,cb9f71f2-7e41-475a-8af6-98187692e243,interactive,2026-07-09T17:28:10.513830+00:00,336.515537,valid,/home/secadmin/Laughlin/GitHub/ScytaleDroid/output/evidence/dynamic/cb9f71f2-7e41-475a-8af6-98187692e243/artifacts/pcapdroid_capture/scytaledroid_org_telegram_messenger_cb9f71f2-7e41-475a-8af6-98187692e243.pcap,present,51022133,61149,151618.9518464938,181.7122637044839,834.390308917562,0,0,1,1,1,0,0,0,0,0,,eligible,
Telegram,org.telegram.messenger,12.8.3,e3eddb98-17be-4077-bd47-92d2f134ddaa,interactive,2026-07-09T17:19:58.185563+00:00,385.348616,valid,/home/secadmin/Laughlin/GitHub/ScytaleDroid/output/evidence/dynamic/e3eddb98-17be-4077-bd47-92d2f134ddaa/artifacts/pcapdroid_capture/scytaledroid_org_telegram_messenger_e3eddb98-17be-4077-bd47-92d2f134ddaa.pcap,present,3237910,16655,8402.547370249282,43.220604171055335,194.41068748123686,1,1,1,1,1,0,1,0,0,0,,eligible,
Signal,org.thoughtcrime.securesms,8.18.2,2cf24186-1a93-48e6-9b17-d01de47dd45b,strict_idle,2026-07-09T04:49:46.162373+00:00,270.651515,valid,/home/secadmin/Laughlin/GitHub/ScytaleDroid/output/evidence/dynamic/2cf24186-1a93-48e6-9b17-d01de47dd45b/artifacts/pcapdroid_capture/scytaledroid_org_thoughtcrime_securesms_2cf24186-1a93-48e6-9b17-d01de47dd45b.pcap,present,11763,118,43.46179255638011,0.43598499716508143,99.6864406779661,1,1,1,1,1,0,1,0,0,0,,eligible,
Signal,org.thoughtcrime.securesms,8.18.2,3ba70b5e-3562-4032-9b44-24dcc6651e55,strict_idle,2026-07-09T04:55:59.533447+00:00,300.635719,valid,/home/secadmin/Laughlin/GitHub/ScytaleDroid/output/evidence/dynamic/3ba70b5e-3562-4032-9b44-24dcc6651e55/artifacts/pcapdroid_capture/scytaledroid_org_thoughtcrime_securesms_3ba70b5e-3562-4032-9b44-24dcc6651e55.pcap,present,12190,122,40.54741080184155,0.40580673649094906,99.91803278688525,1,1,1,1,1,0,1,0,0,0,,eligible,
Signal,org.thoughtcrime.securesms,8.18.2,5bacd03a-0030-4f13-97c2-6be4c4bed34a,interactive,2026-07-09T17:02:16.424564+00:00,426.379942,valid,/home/secadmin/Laughlin/GitHub/ScytaleDroid/output/evidence/dynamic/5bacd03a-0030-4f13-97c2-6be4c4bed34a/artifacts/pcapdroid_capture/scytaledroid_org_thoughtcrime_securesms_5bacd03a-0030-4f13-97c2-6be4c4bed34a.pcap,present,64216832,70873,150609.41117159775,166.22029560668216,906.083162840574,3,2,1,1,1,0,1,0,0,0,,eligible,
Signal,org.thoughtcrime.securesms,8.18.2,978b0516-9070-4086-b631-dabecb7a1419,interactive,2026-07-09T16:41:52.792106+00:00,300.603913,valid,/home/secadmin/Laughlin/GitHub/ScytaleDroid/output/evidence/dynamic/978b0516-9070-4086-b631-dabecb7a1419/artifacts/pcapdroid_capture/scytaledroid_org_thoughtcrime_securesms_978b0516-9070-4086-b631-dabecb7a1419.pcap,present,1711914,7608,5694.915887538697,25.309051782037184,225.01498422712933,3,2,1,1,1,0,1,0,0,0,,eligible,
Signal,org.thoughtcrime.securesms,8.18.2,b7d0482c-2c26-4a7e-80fc-68a279e105f6,interactive,2026-07-09T16:32:57.847748+00:00,364.982499,valid,/home/secadmin/Laughlin/GitHub/ScytaleDroid/output/evidence/dynamic/b7d0482c-2c26-4a7e-80fc-68a279e105f6/artifacts/pcapdroid_capture/scytaledroid_org_thoughtcrime_securesms_b7d0482c-2c26-4a7e-80fc-68a279e105f6.pcap,present,1683247,7489,4611.856745492884,20.518792053095126,224.76258512484978,4,2,1,1,1,0,1,0,0,0,,eligible,
Signal,org.thoughtcrime.securesms,8.18.2,bdbbbe7f-aeb6-427c-9389-e165e487913e,interactive,2026-07-09T16:48:39.430925+00:00,510.624501,valid,/home/secadmin/Laughlin/GitHub/ScytaleDroid/output/evidence/dynamic/bdbbbe7f-aeb6-427c-9389-e165e487913e/artifacts/pcapdroid_capture/scytaledroid_org_thoughtcrime_securesms_bdbbbe7f-aeb6-427c-9389-e165e487913e.pcap,present,185093493,193278,362484.5510497742,378.5129769948113,957.6542234501599,3,2,1,1,1,0,1,0,0,0,,eligible,
Signal,org.thoughtcrime.securesms,8.18.2,cb85dd96-051c-4c5f-9962-225cf7de9470,strict_idle,2026-07-09T04:27:49.459588+00:00,251.927045,valid,/home/secadmin/Laughlin/GitHub/ScytaleDroid/output/evidence/dynamic/cb85dd96-051c-4c5f-9962-225cf7de9470/artifacts/pcapdroid_capture/scytaledroid_org_thoughtcrime_securesms_cb85dd96-051c-4c5f-9962-225cf7de9470.pcap,present,10927,106,43.37366796010329,0.42075673137832426,103.08490566037736,1,1,1,1,1,0,1,0,0,0,,eligible,
