id,package_name,session_stamp,scope_label,app_id,apk_id,sha256,authority,provider_name,base_perm,exported,path_globs,risk,created_at,run_key,read_perm,write_perm,grant_uri_permissions,run_id,component_name,authorities,base_permission,read_permission,write_permission,base_guard,read_guard,write_guard,effective_guard,metrics
42226,bbc.mobile.news.ww,20260704-all-full,All harvested apps,,,,bbc.mobile.news.ww.fileprovider,com.reactnativecommunity.webview.RNCWebViewFileProvider,,0,,,2026-07-04 02:05:49,,,,1,5695,com.reactnativecommunity.webview.RNCWebViewFileProvider,"[""bbc.mobile.news.ww.fileprovider""]",,,,none,none,none,none,"{""base_levels"": [], ""export_reason"": ""explicit_flag"", ""exported_explicit"": false, ""read_levels"": [], ""write_levels"": []}"
42227,bbc.mobile.news.ww,20260704-all-full,All harvested apps,,,,bbc.mobile.news.ww.reactnativefirebasecrashlyticsinitprovider,io.invertase.firebase.crashlytics.ReactNativeFirebaseCrashlyticsInitProvider,,0,,,2026-07-04 02:05:49,,,,0,5695,io.invertase.firebase.crashlytics.ReactNativeFirebaseCrashlyticsInitProvider,"[""bbc.mobile.news.ww.reactnativefirebasecrashlyticsinitprovider""]",,,,none,none,none,none,"{""base_levels"": [], ""export_reason"": ""explicit_flag"", ""exported_explicit"": false, ""read_levels"": [], ""write_levels"": []}"
42228,bbc.mobile.news.ww,20260704-all-full,All harvested apps,,,,bbc.mobile.news.ww.reactnativefirebaseappinitprovider,io.invertase.firebase.app.ReactNativeFirebaseAppInitProvider,,0,,,2026-07-04 02:05:49,,,,0,5695,io.invertase.firebase.app.ReactNativeFirebaseAppInitProvider,"[""bbc.mobile.news.ww.reactnativefirebaseappinitprovider""]",,,,none,none,none,none,"{""base_levels"": [], ""export_reason"": ""explicit_flag"", ""exported_explicit"": false, ""read_levels"": [], ""write_levels"": []}"
42229,bbc.mobile.news.ww,20260704-all-full,All harvested apps,,,,bbc.mobile.news.ww.rnshare.fileprovider,cl.json.RNShareFileProvider,,0,,,2026-07-04 02:05:49,,,,1,5695,cl.json.RNShareFileProvider,"[""bbc.mobile.news.ww.rnshare.fileprovider""]",,,,none,none,none,none,"{""base_levels"": [], ""export_reason"": ""explicit_flag"", ""exported_explicit"": false, ""read_levels"": [], ""write_levels"": []}"
42230,bbc.mobile.news.ww,20260704-all-full,All harvested apps,,,,bbc.mobile.news.ww,uk.co.bbc.authtoolkit.autoSignIn.AuthToolkitLoginProvider,bbc.mobile.news.ww.permission.LOGIN_PROVIDER,1,,,2026-07-04 02:05:49,,bbc.mobile.news.ww.permission.LOGIN_PROVIDER,bbc.mobile.news.ww.permission.LOGIN_PROVIDER,0,5695,uk.co.bbc.authtoolkit.autoSignIn.AuthToolkitLoginProvider,"[""bbc.mobile.news.ww""]",bbc.mobile.news.ww.permission.LOGIN_PROVIDER,bbc.mobile.news.ww.permission.LOGIN_PROVIDER,bbc.mobile.news.ww.permission.LOGIN_PROVIDER,weak,weak,weak,weak,"{""base_levels"": [""0x00000002""], ""export_reason"": ""explicit_flag"", ""exported_explicit"": true, ""read_levels"": [""0x00000002""], ""write_levels"": [""0x00000002""]}"
42231,bbc.mobile.news.ww,20260704-all-full,All harvested apps,,,,bbc.mobile.news.ww.androidx-startup,androidx.startup.InitializationProvider,,0,,,2026-07-04 02:05:49,,,,0,5695,androidx.startup.InitializationProvider,"[""bbc.mobile.news.ww.androidx-startup""]",,,,none,none,none,none,"{""base_levels"": [], ""export_reason"": ""explicit_flag"", ""exported_explicit"": false, ""read_levels"": [], ""write_levels"": []}"
42232,bbc.mobile.news.ww,20260704-all-full,All harvested apps,,,,bbc.mobile.news.ww.firebaseinitprovider,com.google.firebase.provider.FirebaseInitProvider,,0,,,2026-07-04 02:05:49,,,,0,5695,com.google.firebase.provider.FirebaseInitProvider,"[""bbc.mobile.news.ww.firebaseinitprovider""]",,,,none,none,none,none,"{""base_levels"": [], ""export_reason"": ""explicit_flag"", ""exported_explicit"": false, ""read_levels"": [], ""write_levels"": []}"
42233,bbc.mobile.news.ww,20260704-all-full,All harvested apps,,,,bbc.mobile.news.ww.mobileadsinitprovider,com.google.android.gms.ads.MobileAdsInitProvider,,0,,,2026-07-04 02:05:49,,,,0,5695,com.google.android.gms.ads.MobileAdsInitProvider,"[""bbc.mobile.news.ww.mobileadsinitprovider""]",,,,none,none,none,none,"{""base_levels"": [], ""export_reason"": ""explicit_flag"", ""exported_explicit"": false, ""read_levels"": [], ""write_levels"": []}"
42590,com.facebook.katana,20260704-all-full,All harvested apps,,,,com.facebook.katana.provider.ContactsConnectionsProvider,com.facebook.contacts.provider.ContactsConnectionsProvider,com.facebook.katana.provider.ACCESS,0,,,2026-07-04 02:08:28,,com.facebook.katana.provider.ACCESS,com.facebook.katana.provider.ACCESS,0,5728,com.facebook.contacts.provider.ContactsConnectionsProvider,"[""com.facebook.katana.provider.ContactsConnectionsProvider""]",com.facebook.katana.provider.ACCESS,com.facebook.katana.provider.ACCESS,com.facebook.katana.provider.ACCESS,weak,weak,weak,weak,"{""base_levels"": [""0x00000002""], ""export_reason"": ""explicit_flag"", ""exported_explicit"": false, ""read_levels"": [""0x00000002""], ""write_levels"": [""0x00000002""]}"
42591,com.facebook.katana,20260704-all-full,All harvested apps,,,,com.facebook.katana.provider.AttributionIdProvider,com.facebook.katana.provider.AttributionIdProvider,,1,,,2026-07-04 02:08:28,,,,0,5728,com.facebook.katana.provider.AttributionIdProvider,"[""com.facebook.katana.provider.AttributionIdProvider""]",,,,none,none,none,none,"{""base_levels"": [], ""export_reason"": ""explicit_flag"", ""exported_explicit"": true, ""read_levels"": [], ""write_levels"": []}"
42592,com.facebook.katana,20260704-all-full,All harvested apps,,,,com.facebook.katana.provider.PlatformProvider,com.facebook.platform.common.provider.PlatformProviderBase,,1,,,2026-07-04 02:08:28,,,,0,5728,com.facebook.platform.common.provider.PlatformProviderBase,"[""com.facebook.katana.provider.PlatformProvider""]",,,,none,none,none,none,"{""base_levels"": [], ""export_reason"": ""explicit_flag"", ""exported_explicit"": true, ""read_levels"": [], ""write_levels"": []}"
42593,com.facebook.katana,20260704-all-full,All harvested apps,,,,com.facebook.katana.messages,com.facebook.messaging.database.threads.MessagesDbContentProvider,com.facebook.katana.provider.ACCESS,0,,,2026-07-04 02:08:28,,com.facebook.katana.provider.ACCESS,com.facebook.katana.provider.ACCESS,0,5728,com.facebook.messaging.database.threads.MessagesDbContentProvider,"[""com.facebook.katana.messages""]",com.facebook.katana.provider.ACCESS,com.facebook.katana.provider.ACCESS,com.facebook.katana.provider.ACCESS,weak,weak,weak,weak,"{""base_levels"": [""0x00000002""], ""export_reason"": ""explicit_flag"", ""exported_explicit"": false, ""read_levels"": [""0x00000002""], ""write_levels"": [""0x00000002""]}"
42594,com.facebook.katana,20260704-all-full,All harvested apps,,,,com.facebook.katana.provider.DeferredDeeplinkProvider,com.facebook.twilight.deeplinks.DeferredDeeplinkProvider,,1,,,2026-07-04 02:08:28,,,,0,5728,com.facebook.twilight.deeplinks.DeferredDeeplinkProvider,"[""com.facebook.katana.provider.DeferredDeeplinkProvider""]",,,,none,none,none,none,"{""base_levels"": [], ""export_reason"": ""explicit_flag"", ""exported_explicit"": true, ""read_levels"": [], ""write_levels"": []}"
42595,com.facebook.katana,20260704-all-full,All harvested apps,,,,com.facebook.katana.tam-attachment,com.facebook.xapp.messaging.composer.broadcast.transportagnostic.attachment.source.TamAttachmentProvider,com.facebook.katana.provider.ACCESS,0,,,2026-07-04 02:08:28,,com.facebook.katana.provider.ACCESS,com.facebook.katana.provider.ACCESS,0,5728,com.facebook.xapp.messaging.composer.broadcast.transportagnostic.attachment.source.TamAttachmentProvider,"[""com.facebook.katana.tam-attachment""]",com.facebook.katana.provider.ACCESS,com.facebook.katana.provider.ACCESS,com.facebook.katana.provider.ACCESS,weak,weak,weak,weak,"{""base_levels"": [""0x00000002""], ""export_reason"": ""explicit_flag"", ""exported_explicit"": false, ""read_levels"": [""0x00000002""], ""write_levels"": [""0x00000002""]}"
42596,com.facebook.katana,20260704-all-full,All harvested apps,,,,com.facebook.katana.securefileprovider,com.facebook.secure.fileprovider.SecureFileProvider,,0,,,2026-07-04 02:08:28,,,,1,5728,com.facebook.secure.fileprovider.SecureFileProvider,"[""com.facebook.katana.securefileprovider""]",,,,none,none,none,none,"{""base_levels"": [], ""export_reason"": ""explicit_flag"", ""exported_explicit"": false, ""read_levels"": [], ""write_levels"": []}"
42597,com.facebook.katana,20260704-all-full,All harvested apps,,,,com.facebook.katana.androidx-startup,androidx.startup.InitializationProvider,,0,,,2026-07-04 02:08:28,,,,0,5728,androidx.startup.InitializationProvider,"[""com.facebook.katana.androidx-startup""]",,,,none,none,none,none,"{""base_levels"": [], ""export_reason"": ""explicit_flag"", ""exported_explicit"": false, ""read_levels"": [], ""write_levels"": []}"
42598,com.facebook.katana,20260704-all-full,All harvested apps,,,,com.facebook.katana.ClientMessagePushDedupInfoProvider,com.facebook.messaging.push.dedup.provider.ClientMessagePushDedupInfoProvider,com.facebook.permission.prod.FB_APP_COMMUNICATION,1,,,2026-07-04 02:08:28,,com.facebook.permission.prod.FB_APP_COMMUNICATION,com.facebook.permission.prod.FB_APP_COMMUNICATION,0,5728,com.facebook.messaging.push.dedup.provider.ClientMessagePushDedupInfoProvider,"[""com.facebook.katana.ClientMessagePushDedupInfoProvider""]",com.facebook.permission.prod.FB_APP_COMMUNICATION,com.facebook.permission.prod.FB_APP_COMMUNICATION,com.facebook.permission.prod.FB_APP_COMMUNICATION,weak,weak,weak,weak,"{""base_levels"": [""0x00000002""], ""export_reason"": ""explicit_flag"", ""exported_explicit"": true, ""read_levels"": [""0x00000002""], ""write_levels"": [""0x00000002""]}"
42599,com.facebook.katana,20260704-all-full,All harvested apps,,,,com.facebook.katana.ShareKey,com.facebook.messaging.sharekey.contentprovider.SecureMessagingKeyContentProvider,,1,,,2026-07-04 02:08:28,,,,0,5728,com.facebook.messaging.sharekey.contentprovider.SecureMessagingKeyContentProvider,"[""com.facebook.katana.ShareKey""]",,,,none,none,none,none,"{""base_levels"": [], ""export_reason"": ""explicit_flag"", ""exported_explicit"": true, ""read_levels"": [], ""write_levels"": []}"
42600,com.facebook.katana,20260704-all-full,All harvested apps,,,,com.facebook.katana.liteprovider.usdid.UsdidValuesProvider,com.facebook.katana.liteprovider.usdid.UsdidValuesProvider,,1,,,2026-07-04 02:08:28,,,,1,5728,com.facebook.katana.liteprovider.usdid.UsdidValuesProvider,"[""com.facebook.katana.liteprovider.usdid.UsdidValuesProvider""]",,,,none,none,none,none,"{""base_levels"": [], ""export_reason"": ""explicit_flag"", ""exported_explicit"": true, ""read_levels"": [], ""write_levels"": []}"
42601,com.facebook.katana,20260704-all-full,All harvested apps,,,,com.facebook.katana.liteprovider.FirstPartyUserValuesLiteProvider,com.facebook.katana.liteprovider.FirstPartyUserValuesLiteProvider,,1,,,2026-07-04 02:08:28,,,,1,5728,com.facebook.katana.liteprovider.FirstPartyUserValuesLiteProvider,"[""com.facebook.katana.liteprovider.FirstPartyUserValuesLiteProvider""]",,,,none,none,none,none,"{""base_levels"": [], ""export_reason"": ""explicit_flag"", ""exported_explicit"": true, ""read_levels"": [], ""write_levels"": []}"
42602,com.facebook.katana,20260704-all-full,All harvested apps,,,,com.facebook.katana.provider.UserValuesProvider,com.facebook.katana.provider.UserValuesProvider,com.facebook.katana.provider.ACCESS,1,,,2026-07-04 02:08:28,,com.facebook.katana.provider.ACCESS,com.facebook.katana.provider.ACCESS,0,5728,com.facebook.katana.provider.UserValuesProvider,"[""com.facebook.katana.provider.UserValuesProvider""]",com.facebook.katana.provider.ACCESS,com.facebook.katana.provider.ACCESS,com.facebook.katana.provider.ACCESS,weak,weak,weak,weak,"{""base_levels"": [""0x00000002""], ""export_reason"": ""explicit_flag"", ""exported_explicit"": true, ""read_levels"": [""0x00000002""], ""write_levels"": [""0x00000002""]}"
42603,com.facebook.katana,20260704-all-full,All harvested apps,,,,com.facebook.katana.provider.FirstPartyUserValuesProvider,com.facebook.katana.provider.FirstPartyUserValuesProvider,,1,,,2026-07-04 02:08:28,,,,0,5728,com.facebook.katana.provider.FirstPartyUserValuesProvider,"[""com.facebook.katana.provider.FirstPartyUserValuesProvider""]",,,,none,none,none,none,"{""base_levels"": [], ""export_reason"": ""explicit_flag"", ""exported_explicit"": true, ""read_levels"": [], ""write_levels"": []}"
42604,com.facebook.katana,20260704-all-full,All harvested apps,,,,com.facebook.katana.provider.InstallReferrerProvider,com.facebook.katana.provider.InstallReferrerProvider,,1,,,2026-07-04 02:08:28,,,,0,5728,com.facebook.katana.provider.InstallReferrerProvider,"[""com.facebook.katana.provider.InstallReferrerProvider""]",,,,none,none,none,none,"{""base_levels"": [], ""export_reason"": ""explicit_flag"", ""exported_explicit"": true, ""read_levels"": [], ""write_levels"": []}"
42605,com.facebook.katana,20260704-all-full,All harvested apps,,,,com.facebook.katana.provider.LastUsedTimestampProvider,com.facebook.katana.provider.LastUsedTimestampProvider,,1,,,2026-07-04 02:08:28,,,,0,5728,com.facebook.katana.provider.LastUsedTimestampProvider,"[""com.facebook.katana.provider.LastUsedTimestampProvider""]",,,,none,none,none,none,"{""base_levels"": [], ""export_reason"": ""explicit_flag"", ""exported_explicit"": true, ""read_levels"": [], ""write_levels"": []}"
42606,com.facebook.katana,20260704-all-full,All harvested apps,,,,com.facebook.katana.provider.CacheProvider,com.facebook.katana.provider.CacheProvider,com.facebook.katana.provider.ACCESS,1,,,2026-07-04 02:08:28,,com.facebook.katana.provider.ACCESS,com.facebook.katana.provider.ACCESS,0,5728,com.facebook.katana.provider.CacheProvider,"[""com.facebook.katana.provider.CacheProvider""]",com.facebook.katana.provider.ACCESS,com.facebook.katana.provider.ACCESS,com.facebook.katana.provider.ACCESS,weak,weak,weak,weak,"{""base_levels"": [""0x00000002""], ""export_reason"": ""explicit_flag"", ""exported_explicit"": true, ""read_levels"": [""0x00000002""], ""write_levels"": [""0x00000002""]}"
42607,com.facebook.katana,20260704-all-full,All harvested apps,,,,com.facebook.katana.firebaseinitprovider,com.facebook.push.fcm.customprovider.FirebaseInitCustomProvider,,0,,,2026-07-04 02:08:28,,,,0,5728,com.facebook.push.fcm.customprovider.FirebaseInitCustomProvider,"[""com.facebook.katana.firebaseinitprovider""]",,,,none,none,none,none,"{""base_levels"": [], ""export_reason"": ""explicit_flag"", ""exported_explicit"": false, ""read_levels"": [], ""write_levels"": []}"
42608,com.facebook.katana,20260704-all-full,All harvested apps,,,,com.facebook.katana.integration.appmanager.sso,com.facebook.oxygen.preloads.integration.dogfooding.AppManagerSsoProvider,com.facebook.appmanager.ACCESS,1,,,2026-07-04 02:08:28,,com.facebook.appmanager.ACCESS,com.facebook.appmanager.ACCESS,0,5728,com.facebook.oxygen.preloads.integration.dogfooding.AppManagerSsoProvider,"[""com.facebook.katana.integration.appmanager.sso""]",com.facebook.appmanager.ACCESS,com.facebook.appmanager.ACCESS,com.facebook.appmanager.ACCESS,weak,weak,weak,weak,"{""base_levels"": [], ""export_reason"": ""explicit_flag"", ""exported_explicit"": true, ""read_levels"": [], ""write_levels"": []}"
42609,com.facebook.katana,20260704-all-full,All harvested apps,,,,com.facebook.katana.provider.PhotosProvider,com.facebook.photos.provider.PhotosProvider,com.facebook.katana.provider.ACCESS,0,,,2026-07-04 02:08:28,,com.facebook.katana.provider.ACCESS,com.facebook.katana.provider.ACCESS,0,5728,com.facebook.photos.provider.PhotosProvider,"[""com.facebook.katana.provider.PhotosProvider""]",com.facebook.katana.provider.ACCESS,com.facebook.katana.provider.ACCESS,com.facebook.katana.provider.ACCESS,weak,weak,weak,weak,"{""base_levels"": [""0x00000002""], ""export_reason"": ""provider_default_false"", ""exported_explicit"": null, ""read_levels"": [""0x00000002""], ""write_levels"": [""0x00000002""]}"
42610,com.facebook.katana,20260704-all-full,All harvested apps,,,,com.facebook.katana.mqttsharedprefs,com.facebook.rti.common.sharedprefs.SharedPreferencesContentProvider,,0,,,2026-07-04 02:08:28,,,,0,5728,com.facebook.rti.common.sharedprefs.SharedPreferencesContentProvider,"[""com.facebook.katana.mqttsharedprefs""]",,,,none,none,none,none,"{""base_levels"": [], ""export_reason"": ""explicit_flag"", ""exported_explicit"": false, ""read_levels"": [], ""write_levels"": []}"
42611,com.facebook.katana,20260704-all-full,All harvested apps,,,,com.facebook.katana.threads_properties,com.facebook.messaging.database.threads.ThreadsDbPropertiesContentProvider,com.facebook.katana.provider.ACCESS,0,,,2026-07-04 02:08:28,,com.facebook.katana.provider.ACCESS,com.facebook.katana.provider.ACCESS,0,5728,com.facebook.messaging.database.threads.ThreadsDbPropertiesContentProvider,"[""com.facebook.katana.threads_properties""]",com.facebook.katana.provider.ACCESS,com.facebook.katana.provider.ACCESS,com.facebook.katana.provider.ACCESS,weak,weak,weak,weak,"{""base_levels"": [""0x00000002""], ""export_reason"": ""explicit_flag"", ""exported_explicit"": false, ""read_levels"": [""0x00000002""], ""write_levels"": [""0x00000002""]}"
42612,com.facebook.katana,20260704-all-full,All harvested apps,,,,com.facebook.katana.quicksilver.fileprovider; com.facebook.katana.apkfileprovider,androidx.core.content.FileProvider,,0,,,2026-07-04 02:08:28,,,,1,5728,androidx.core.content.FileProvider,"[""com.facebook.katana.quicksilver.fileprovider; com.facebook.katana.apkfileprovider""]",,,,none,none,none,none,"{""base_levels"": [], ""export_reason"": ""explicit_flag"", ""exported_explicit"": false, ""read_levels"": [], ""write_levels"": []}"
42613,com.facebook.katana,20260704-all-full,All harvested apps,,,,com.facebook.katana.identity.feo2.api,com.facebook.mobileidservices.feo2.fb4a.fbprovider.FeO2InAppContentProvider,,0,,,2026-07-04 02:08:28,,,,0,5728,com.facebook.mobileidservices.feo2.fb4a.fbprovider.FeO2InAppContentProvider,"[""com.facebook.katana.identity.feo2.api""]",,,,none,none,none,none,"{""base_levels"": [], ""export_reason"": ""explicit_flag"", ""exported_explicit"": false, ""read_levels"": [], ""write_levels"": []}"
42614,com.facebook.katana,20260704-all-full,All harvested apps,,,,com.facebook.katana.contacts,com.facebook.contacts.data.FbContactsContentProvider,com.facebook.katana.provider.ACCESS,0,,,2026-07-04 02:08:28,,com.facebook.katana.provider.ACCESS,com.facebook.katana.provider.ACCESS,0,5728,com.facebook.contacts.data.FbContactsContentProvider,"[""com.facebook.katana.contacts""]",com.facebook.katana.provider.ACCESS,com.facebook.katana.provider.ACCESS,com.facebook.katana.provider.ACCESS,weak,weak,weak,weak,"{""base_levels"": [""0x00000002""], ""export_reason"": ""explicit_flag"", ""exported_explicit"": false, ""read_levels"": [""0x00000002""], ""write_levels"": [""0x00000002""]}"
42615,com.facebook.katana,20260704-all-full,All harvested apps,,,,com.facebook.katana.experiments,com.facebook.abtest.qe.db.QuickExperimentContentProvider,com.facebook.katana.provider.ACCESS,0,,,2026-07-04 02:08:28,,com.facebook.katana.provider.ACCESS,com.facebook.katana.provider.ACCESS,0,5728,com.facebook.abtest.qe.db.QuickExperimentContentProvider,"[""com.facebook.katana.experiments""]",com.facebook.katana.provider.ACCESS,com.facebook.katana.provider.ACCESS,com.facebook.katana.provider.ACCESS,weak,weak,weak,weak,"{""base_levels"": [""0x00000002""], ""export_reason"": ""provider_default_false"", ""exported_explicit"": null, ""read_levels"": [""0x00000002""], ""write_levels"": [""0x00000002""]}"
42616,com.facebook.katana,20260704-all-full,All harvested apps,,,,com.facebook.katana.provider.phoneid,com.facebook.fdidlite.FDIDLiteProvider,,1,,,2026-07-04 02:08:28,,,,0,5728,com.facebook.fdidlite.FDIDLiteProvider,"[""com.facebook.katana.provider.phoneid""]",,,,none,none,none,none,"{""base_levels"": [], ""export_reason"": ""explicit_flag"", ""exported_explicit"": true, ""read_levels"": [], ""write_levels"": []}"
42631,com.facebook.orca,20260704-all-full,All harvested apps,,,,com.facebook.orca.provider.MessengerPlatformProvider,com.facebook.messaging.platform.MessengerPlatformProvider,,1,,,2026-07-04 02:08:35,,,,0,5730,com.facebook.messaging.platform.MessengerPlatformProvider,"[""com.facebook.orca.provider.MessengerPlatformProvider""]",,,,none,none,none,none,"{""base_levels"": [], ""export_reason"": ""explicit_flag"", ""exported_explicit"": true, ""read_levels"": [], ""write_levels"": []}"
42632,com.facebook.orca,20260704-all-full,All harvested apps,,,,com.facebook.orca.notify.MessengerLoggedInUserProvider,com.facebook.messenger.app.MessengerLoggedInUserProvider,com.facebook.orca.provider.ACCESS,1,,,2026-07-04 02:08:35,,com.facebook.orca.provider.ACCESS,com.facebook.orca.provider.ACCESS,0,5730,com.facebook.messenger.app.MessengerLoggedInUserProvider,"[""com.facebook.orca.notify.MessengerLoggedInUserProvider""]",com.facebook.orca.provider.ACCESS,com.facebook.orca.provider.ACCESS,com.facebook.orca.provider.ACCESS,weak,weak,weak,weak,"{""base_levels"": [""0x00000002""], ""export_reason"": ""explicit_flag"", ""exported_explicit"": true, ""read_levels"": [""0x00000002""], ""write_levels"": [""0x00000002""]}"
42633,com.facebook.orca,20260704-all-full,All harvested apps,,,,com.facebook.orca.messages,com.facebook.messaging.database.threads.MessagesDbContentProvider,com.facebook.orca.provider.ACCESS,0,,,2026-07-04 02:08:35,,com.facebook.orca.provider.ACCESS,com.facebook.orca.provider.ACCESS,0,5730,com.facebook.messaging.database.threads.MessagesDbContentProvider,"[""com.facebook.orca.messages""]",com.facebook.orca.provider.ACCESS,com.facebook.orca.provider.ACCESS,com.facebook.orca.provider.ACCESS,weak,weak,weak,weak,"{""base_levels"": [""0x00000002""], ""export_reason"": ""explicit_flag"", ""exported_explicit"": false, ""read_levels"": [""0x00000002""], ""write_levels"": [""0x00000002""]}"
42634,com.facebook.orca,20260704-all-full,All harvested apps,,,,com.facebook.orca.securefileprovider,com.facebook.secure.fileprovider.SecureFileProvider,,0,,,2026-07-04 02:08:35,,,,1,5730,com.facebook.secure.fileprovider.SecureFileProvider,"[""com.facebook.orca.securefileprovider""]",,,,none,none,none,none,"{""base_levels"": [], ""export_reason"": ""explicit_flag"", ""exported_explicit"": false, ""read_levels"": [], ""write_levels"": []}"
42635,com.facebook.orca,20260704-all-full,All harvested apps,,,,com.facebook.orca.provider.FamilyAppsUserValuesProvider,com.facebook.messaging.provider.FamilyAppsUserValuesProvider,,1,,,2026-07-04 02:08:35,,,,0,5730,com.facebook.messaging.provider.FamilyAppsUserValuesProvider,"[""com.facebook.orca.provider.FamilyAppsUserValuesProvider""]",,,,none,none,none,none,"{""base_levels"": [], ""export_reason"": ""explicit_flag"", ""exported_explicit"": true, ""read_levels"": [], ""write_levels"": []}"
42636,com.facebook.orca,20260704-all-full,All harvested apps,,,,com.facebook.orca.ClientMessagePushDedupInfoProvider,com.facebook.messaging.push.dedup.provider.ClientMessagePushDedupInfoProvider,com.facebook.permission.prod.FB_APP_COMMUNICATION,1,,,2026-07-04 02:08:35,,com.facebook.permission.prod.FB_APP_COMMUNICATION,com.facebook.permission.prod.FB_APP_COMMUNICATION,0,5730,com.facebook.messaging.push.dedup.provider.ClientMessagePushDedupInfoProvider,"[""com.facebook.orca.ClientMessagePushDedupInfoProvider""]",com.facebook.permission.prod.FB_APP_COMMUNICATION,com.facebook.permission.prod.FB_APP_COMMUNICATION,com.facebook.permission.prod.FB_APP_COMMUNICATION,weak,weak,weak,weak,"{""base_levels"": [""0x00000002""], ""export_reason"": ""explicit_flag"", ""exported_explicit"": true, ""read_levels"": [""0x00000002""], ""write_levels"": [""0x00000002""]}"
42637,com.facebook.orca,20260704-all-full,All harvested apps,,,,com.facebook.orca.liteprovider.FamilyAppsUserValuesLiteProvider,com.facebook.messaging.liteprovider.FamilyAppsUserValuesLiteProvider,,1,,,2026-07-04 02:08:35,,,,0,5730,com.facebook.messaging.liteprovider.FamilyAppsUserValuesLiteProvider,"[""com.facebook.orca.liteprovider.FamilyAppsUserValuesLiteProvider""]",,,,none,none,none,none,"{""base_levels"": [], ""export_reason"": ""explicit_flag"", ""exported_explicit"": true, ""read_levels"": [], ""write_levels"": []}"
42638,com.facebook.orca,20260704-all-full,All harvested apps,,,,com.facebook.orca.provider.LastUsedTimestampProvider,com.facebook.messaging.partneranalytics.marketinsights.LastUsedTimestampProvider,,1,,,2026-07-04 02:08:35,,,,0,5730,com.facebook.messaging.partneranalytics.marketinsights.LastUsedTimestampProvider,"[""com.facebook.orca.provider.LastUsedTimestampProvider""]",,,,none,none,none,none,"{""base_levels"": [], ""export_reason"": ""explicit_flag"", ""exported_explicit"": true, ""read_levels"": [], ""write_levels"": []}"
42639,com.facebook.orca,20260704-all-full,All harvested apps,,,,com.facebook.orca.provider.PlatformProvider,com.facebook.platform.common.provider.PlatformProviderBase,,1,,,2026-07-04 02:08:35,,,,0,5730,com.facebook.platform.common.provider.PlatformProviderBase,"[""com.facebook.orca.provider.PlatformProvider""]",,,,none,none,none,none,"{""base_levels"": [], ""export_reason"": ""explicit_flag"", ""exported_explicit"": true, ""read_levels"": [], ""write_levels"": []}"
42640,com.facebook.orca,20260704-all-full,All harvested apps,,,,com.facebook.orca.androidx-startup,androidx.startup.InitializationProvider,,0,,,2026-07-04 02:08:35,,,,0,5730,androidx.startup.InitializationProvider,"[""com.facebook.orca.androidx-startup""]",,,,none,none,none,none,"{""base_levels"": [], ""export_reason"": ""explicit_flag"", ""exported_explicit"": false, ""read_levels"": [], ""write_levels"": []}"
42641,com.facebook.orca,20260704-all-full,All harvested apps,,,,com.facebook.orca.firebaseinitprovider,com.facebook.push.fcm.customprovider.FirebaseInitCustomProvider,,0,,,2026-07-04 02:08:35,,,,0,5730,com.facebook.push.fcm.customprovider.FirebaseInitCustomProvider,"[""com.facebook.orca.firebaseinitprovider""]",,,,none,none,none,none,"{""base_levels"": [], ""export_reason"": ""explicit_flag"", ""exported_explicit"": false, ""read_levels"": [], ""write_levels"": []}"
42642,com.facebook.orca,20260704-all-full,All harvested apps,,,,com.facebook.orca.ShareKey,com.facebook.messaging.sharekey.contentprovider.SecureMessagingKeyContentProvider,,1,,,2026-07-04 02:08:35,,,,0,5730,com.facebook.messaging.sharekey.contentprovider.SecureMessagingKeyContentProvider,"[""com.facebook.orca.ShareKey""]",,,,none,none,none,none,"{""base_levels"": [], ""export_reason"": ""explicit_flag"", ""exported_explicit"": true, ""read_levels"": [], ""write_levels"": []}"
42643,com.facebook.orca,20260704-all-full,All harvested apps,,,,com.facebook.orca.tam-attachment,com.facebook.xapp.messaging.composer.broadcast.transportagnostic.attachment.source.TamAttachmentProvider,com.facebook.orca.provider.ACCESS,0,,,2026-07-04 02:08:35,,com.facebook.orca.provider.ACCESS,com.facebook.orca.provider.ACCESS,0,5730,com.facebook.xapp.messaging.composer.broadcast.transportagnostic.attachment.source.TamAttachmentProvider,"[""com.facebook.orca.tam-attachment""]",com.facebook.orca.provider.ACCESS,com.facebook.orca.provider.ACCESS,com.facebook.orca.provider.ACCESS,weak,weak,weak,weak,"{""base_levels"": [""0x00000002""], ""export_reason"": ""explicit_flag"", ""exported_explicit"": false, ""read_levels"": [""0x00000002""], ""write_levels"": [""0x00000002""]}"
42644,com.facebook.orca,20260704-all-full,All harvested apps,,,,com.facebook.orca.mqttsharedprefs,com.facebook.rti.common.sharedprefs.SharedPreferencesContentProvider,,0,,,2026-07-04 02:08:35,,,,0,5730,com.facebook.rti.common.sharedprefs.SharedPreferencesContentProvider,"[""com.facebook.orca.mqttsharedprefs""]",,,,none,none,none,none,"{""base_levels"": [], ""export_reason"": ""explicit_flag"", ""exported_explicit"": false, ""read_levels"": [], ""write_levels"": []}"
42645,com.facebook.orca,20260704-all-full,All harvested apps,,,,com.facebook.orca.quicksilver.fileprovider; com.facebook.orca.apkfileprovider,androidx.core.content.FileProvider,,0,,,2026-07-04 02:08:35,,,,1,5730,androidx.core.content.FileProvider,"[""com.facebook.orca.quicksilver.fileprovider; com.facebook.orca.apkfileprovider""]",,,,none,none,none,none,"{""base_levels"": [], ""export_reason"": ""explicit_flag"", ""exported_explicit"": false, ""read_levels"": [], ""write_levels"": []}"
42646,com.facebook.orca,20260704-all-full,All harvested apps,,,,com.facebook.orca.threads_properties,com.facebook.messaging.database.threads.ThreadsDbPropertiesContentProvider,com.facebook.orca.provider.ACCESS,0,,,2026-07-04 02:08:35,,com.facebook.orca.provider.ACCESS,com.facebook.orca.provider.ACCESS,0,5730,com.facebook.messaging.database.threads.ThreadsDbPropertiesContentProvider,"[""com.facebook.orca.threads_properties""]",com.facebook.orca.provider.ACCESS,com.facebook.orca.provider.ACCESS,com.facebook.orca.provider.ACCESS,weak,weak,weak,weak,"{""base_levels"": [""0x00000002""], ""export_reason"": ""explicit_flag"", ""exported_explicit"": false, ""read_levels"": [""0x00000002""], ""write_levels"": [""0x00000002""]}"
42647,com.facebook.orca,20260704-all-full,All harvested apps,,,,com.facebook.orca.contacts,com.facebook.contacts.data.FbContactsContentProvider,com.facebook.orca.provider.ACCESS,0,,,2026-07-04 02:08:35,,com.facebook.orca.provider.ACCESS,com.facebook.orca.provider.ACCESS,0,5730,com.facebook.contacts.data.FbContactsContentProvider,"[""com.facebook.orca.contacts""]",com.facebook.orca.provider.ACCESS,com.facebook.orca.provider.ACCESS,com.facebook.orca.provider.ACCESS,weak,weak,weak,weak,"{""base_levels"": [""0x00000002""], ""export_reason"": ""explicit_flag"", ""exported_explicit"": false, ""read_levels"": [""0x00000002""], ""write_levels"": [""0x00000002""]}"
42648,com.facebook.orca,20260704-all-full,All harvested apps,,,,com.facebook.orca.experiments,com.facebook.abtest.qe.db.QuickExperimentContentProvider,com.facebook.orca.provider.ACCESS,0,,,2026-07-04 02:08:35,,com.facebook.orca.provider.ACCESS,com.facebook.orca.provider.ACCESS,0,5730,com.facebook.abtest.qe.db.QuickExperimentContentProvider,"[""com.facebook.orca.experiments""]",com.facebook.orca.provider.ACCESS,com.facebook.orca.provider.ACCESS,com.facebook.orca.provider.ACCESS,weak,weak,weak,weak,"{""base_levels"": [""0x00000002""], ""export_reason"": ""provider_default_false"", ""exported_explicit"": null, ""read_levels"": [""0x00000002""], ""write_levels"": [""0x00000002""]}"
42649,com.facebook.orca,20260704-all-full,All harvested apps,,,,com.facebook.orca.provider.phoneid,com.facebook.fdidlite.FDIDLiteProvider,,1,,,2026-07-04 02:08:35,,,,0,5730,com.facebook.fdidlite.FDIDLiteProvider,"[""com.facebook.orca.provider.phoneid""]",,,,none,none,none,none,"{""base_levels"": [], ""export_reason"": ""explicit_flag"", ""exported_explicit"": true, ""read_levels"": [], ""write_levels"": []}"
43030,com.guardian,20260704-all-full,All harvested apps,,,,com.guardian.androidx-startup,androidx.startup.InitializationProvider,,0,,,2026-07-04 02:11:41,,,,0,5785,androidx.startup.InitializationProvider,"[""com.guardian.androidx-startup""]",,,,none,none,none,none,"{""base_levels"": [], ""export_reason"": ""explicit_flag"", ""exported_explicit"": false, ""read_levels"": [], ""write_levels"": []}"
43031,com.guardian,20260704-all-full,All harvested apps,,,,com.guardian.file.provider,androidx.core.content.FileProvider,,0,,,2026-07-04 02:11:41,,,,1,5785,androidx.core.content.FileProvider,"[""com.guardian.file.provider""]",,,,none,none,none,none,"{""base_levels"": [], ""export_reason"": ""explicit_flag"", ""exported_explicit"": false, ""read_levels"": [], ""write_levels"": []}"
43032,com.guardian,20260704-all-full,All harvested apps,,,,com.guardian.mobileadsinitprovider,com.google.android.gms.ads.MobileAdsInitProvider,,0,,,2026-07-04 02:11:41,,,,0,5785,com.google.android.gms.ads.MobileAdsInitProvider,"[""com.guardian.mobileadsinitprovider""]",,,,none,none,none,none,"{""base_levels"": [], ""export_reason"": ""explicit_flag"", ""exported_explicit"": false, ""read_levels"": [], ""write_levels"": []}"
43033,com.guardian,20260704-all-full,All harvested apps,,,,com.guardian.com.squareup.picasso,com.squareup.picasso.PicassoProvider,,0,,,2026-07-04 02:11:41,,,,0,5785,com.squareup.picasso.PicassoProvider,"[""com.guardian.com.squareup.picasso""]",,,,none,none,none,none,"{""base_levels"": [], ""export_reason"": ""explicit_flag"", ""exported_explicit"": false, ""read_levels"": [], ""write_levels"": []}"
43034,com.guardian,20260704-all-full,All harvested apps,,,,com.guardian.adjust-lifecycle-provider,com.adjust.sdk.SystemLifecycleContentProvider,,0,,,2026-07-04 02:11:41,,,,0,5785,com.adjust.sdk.SystemLifecycleContentProvider,"[""com.guardian.adjust-lifecycle-provider""]",,,,none,none,none,none,"{""base_levels"": [], ""export_reason"": ""explicit_flag"", ""exported_explicit"": false, ""read_levels"": [], ""write_levels"": []}"
43084,com.instagram.android,20260704-all-full,All harvested apps,,,,com.instagram.android.contentprovider.users.loggedinusers,com.instagram.contentprovider.users.impl.IgLoggedInUsersContentProvider,,1,,,2026-07-04 02:12:15,,,,0,5790,com.instagram.contentprovider.users.impl.IgLoggedInUsersContentProvider,"[""com.instagram.android.contentprovider.users.loggedinusers""]",,,,none,none,none,none,"{""base_levels"": [], ""export_reason"": ""explicit_flag"", ""exported_explicit"": true, ""read_levels"": [], ""write_levels"": []}"
43085,com.instagram.android,20260704-all-full,All harvested apps,,,,com.instagram.android.securefileprovider,com.facebook.secure.fileprovider.SecureFileProvider,,0,,,2026-07-04 02:12:15,,,,1,5790,com.facebook.secure.fileprovider.SecureFileProvider,"[""com.instagram.android.securefileprovider""]",,,,none,none,none,none,"{""base_levels"": [], ""export_reason"": ""explicit_flag"", ""exported_explicit"": false, ""read_levels"": [], ""write_levels"": []}"
43086,com.instagram.android,20260704-all-full,All harvested apps,,,,com.instagram.contentprovider.DeferredCurrentUserProvider,com.instagram.contentprovider.DeferredCurrentUserProvider,,1,,,2026-07-04 02:12:15,,,,0,5790,com.instagram.contentprovider.DeferredCurrentUserProvider,"[""com.instagram.contentprovider.DeferredCurrentUserProvider""]",,,,none,none,none,none,"{""base_levels"": [], ""export_reason"": ""explicit_flag"", ""exported_explicit"": true, ""read_levels"": [], ""write_levels"": []}"
43087,com.instagram.android,20260704-all-full,All harvested apps,,,,com.instagram.barcelona.feed.crossapp.contentprovider.ThreadsContentProvider,com.instagram.barcelona.feed.crossapp.contentprovider.ThreadsContentProvider,,1,,,2026-07-04 02:12:15,,,,0,5790,com.instagram.barcelona.feed.crossapp.contentprovider.ThreadsContentProvider,"[""com.instagram.barcelona.feed.crossapp.contentprovider.ThreadsContentProvider""]",,,,none,none,none,none,"{""base_levels"": [], ""export_reason"": ""explicit_flag"", ""exported_explicit"": true, ""read_levels"": [], ""write_levels"": []}"
43088,com.instagram.android,20260704-all-full,All harvested apps,,,,com.instagram.quicksnap.seenstate,com.instagram.quicksnap.viewer.seenstate.provider.QuickSnapSeenStateProvider,,1,,,2026-07-04 02:12:15,,,,0,5790,com.instagram.quicksnap.viewer.seenstate.provider.QuickSnapSeenStateProvider,"[""com.instagram.quicksnap.seenstate""]",,,,none,none,none,none,"{""base_levels"": [], ""export_reason"": ""explicit_flag"", ""exported_explicit"": true, ""read_levels"": [], ""write_levels"": []}"
43089,com.instagram.android,20260704-all-full,All harvested apps,,,,com.instagram.contentprovider.FamilyAppsUserValuesProvider,com.instagram.contentprovider.AsyncFamilyAppsUserValuesProvider,,1,,,2026-07-04 02:12:15,,,,0,5790,com.instagram.contentprovider.AsyncFamilyAppsUserValuesProvider,"[""com.instagram.contentprovider.FamilyAppsUserValuesProvider""]",,,,none,none,none,none,"{""base_levels"": [], ""export_reason"": ""explicit_flag"", ""exported_explicit"": true, ""read_levels"": [], ""write_levels"": []}"
43090,com.instagram.android,20260704-all-full,All harvested apps,,,,com.instagram.liteprovider.FirstPartyUserValuesLiteProviderV2,com.instagram.liteprovider.v2.FirstPartyUserValuesLiteProviderV2,,1,,,2026-07-04 02:12:15,,,,0,5790,com.instagram.liteprovider.v2.FirstPartyUserValuesLiteProviderV2,"[""com.instagram.liteprovider.FirstPartyUserValuesLiteProviderV2""]",,,,none,none,none,none,"{""base_levels"": [], ""export_reason"": ""explicit_flag"", ""exported_explicit"": true, ""read_levels"": [], ""write_levels"": []}"
43091,com.instagram.android,20260704-all-full,All harvested apps,,,,com.instagram.liteprovider.usdid.UsdidValuesProvider,com.instagram.liteprovider.usdid.UsdidValuesProvider,,1,,,2026-07-04 02:12:15,,,,0,5790,com.instagram.liteprovider.usdid.UsdidValuesProvider,"[""com.instagram.liteprovider.usdid.UsdidValuesProvider""]",,,,none,none,none,none,"{""base_levels"": [], ""export_reason"": ""explicit_flag"", ""exported_explicit"": true, ""read_levels"": [], ""write_levels"": []}"
43092,com.instagram.android,20260704-all-full,All harvested apps,,,,com.instagram.contentprovider.InstallReferrerProvider,com.instagram.contentprovider.InstallReferrerProvider,,1,,,2026-07-04 02:12:15,,,,0,5790,com.instagram.contentprovider.InstallReferrerProvider,"[""com.instagram.contentprovider.InstallReferrerProvider""]",,,,none,none,none,none,"{""base_levels"": [], ""export_reason"": ""explicit_flag"", ""exported_explicit"": true, ""read_levels"": [], ""write_levels"": []}"
43093,com.instagram.android,20260704-all-full,All harvested apps,,,,com.instagram.foabackuptoken.FoaBackupTokenProvider,com.instagram.whatsapp.foabackuptoken.FoaBackupTokenProvider,,1,,,2026-07-04 02:12:15,,,,0,5790,com.instagram.whatsapp.foabackuptoken.FoaBackupTokenProvider,"[""com.instagram.foabackuptoken.FoaBackupTokenProvider""]",,,,none,none,none,none,"{""base_levels"": [], ""export_reason"": ""explicit_flag"", ""exported_explicit"": true, ""read_levels"": [], ""write_levels"": []}"
43094,com.instagram.android,20260704-all-full,All harvested apps,,,,com.instagram.android.provider.phoneid_lite,com.instagram.common.analytics.fdidlite.AsyncInstagramFDIDLiteProvider,,1,,,2026-07-04 02:12:15,,,,0,5790,com.instagram.common.analytics.fdidlite.AsyncInstagramFDIDLiteProvider,"[""com.instagram.android.provider.phoneid_lite""]",,,,none,none,none,none,"{""base_levels"": [], ""export_reason"": ""explicit_flag"", ""exported_explicit"": true, ""read_levels"": [], ""write_levels"": []}"
43095,com.instagram.android,20260704-all-full,All harvested apps,,,,com.instagram.fileprovider,androidx.core.content.FileProvider,,0,,,2026-07-04 02:12:15,,,,1,5790,androidx.core.content.FileProvider,"[""com.instagram.fileprovider""]",,,,none,none,none,none,"{""base_levels"": [], ""export_reason"": ""explicit_flag"", ""exported_explicit"": false, ""read_levels"": [], ""write_levels"": []}"
43096,com.instagram.android,20260704-all-full,All harvested apps,,,,com.instagram.android.androidx-startup,com.instagram.contentprovider.AndroidXAppInitializer,,0,,,2026-07-04 02:12:15,,,,0,5790,com.instagram.contentprovider.AndroidXAppInitializer,"[""com.instagram.android.androidx-startup""]",,,,none,none,none,none,"{""base_levels"": [], ""export_reason"": ""explicit_flag"", ""exported_explicit"": false, ""read_levels"": [], ""write_levels"": []}"
43097,com.instagram.android,20260704-all-full,All harvested apps,,,,com.instagram.android.androidx-startup,androidx.startup.InitializationProvider,,0,,,2026-07-04 02:12:15,,,,0,5790,androidx.startup.InitializationProvider,"[""com.instagram.android.androidx-startup""]",,,,none,none,none,none,"{""base_levels"": [], ""export_reason"": ""explicit_flag"", ""exported_explicit"": false, ""read_levels"": [], ""write_levels"": []}"
43098,com.instagram.android,20260704-all-full,All harvested apps,,,,com.instagram.creation.drafts.contentprovider.ClipsDraftProvider,com.instagram.creation.drafts.contentprovider.ClipsDraftProvider,,1,,,2026-07-04 02:12:15,,,,0,5790,com.instagram.creation.drafts.contentprovider.ClipsDraftProvider,"[""com.instagram.creation.drafts.contentprovider.ClipsDraftProvider""]",,,,none,none,none,none,"{""base_levels"": [], ""export_reason"": ""explicit_flag"", ""exported_explicit"": true, ""read_levels"": [], ""write_levels"": []}"
43099,com.instagram.android,20260704-all-full,All harvested apps,,,,com.instagram.android.baselcontext,com.instagram.basel.integration.contentprovider.BaselContextProvider,,1,,,2026-07-04 02:12:15,,,,0,5790,com.instagram.basel.integration.contentprovider.BaselContextProvider,"[""com.instagram.android.baselcontext""]",,,,none,none,none,none,"{""base_levels"": [], ""export_reason"": ""explicit_flag"", ""exported_explicit"": true, ""read_levels"": [], ""write_levels"": []}"
43100,com.instagram.android,20260704-all-full,All harvested apps,,,,com.instagram.contentprovider.DeferredDeeplinkProvider,com.instagram.contentprovider.DeferredDeeplinkProvider,,1,,,2026-07-04 02:12:15,,,,0,5790,com.instagram.contentprovider.DeferredDeeplinkProvider,"[""com.instagram.contentprovider.DeferredDeeplinkProvider""]",,,,none,none,none,none,"{""base_levels"": [], ""export_reason"": ""explicit_flag"", ""exported_explicit"": true, ""read_levels"": [], ""write_levels"": []}"
43101,com.instagram.android,20260704-all-full,All harvested apps,,,,com.instagram.barcelonaig.tixu.directtransfer.TixuDirectTransferProvider,com.instagram.barcelonaig.tixu.directtransfer.TixuDirectTransferProvider,,1,,,2026-07-04 02:12:15,,,,0,5790,com.instagram.barcelonaig.tixu.directtransfer.TixuDirectTransferProvider,"[""com.instagram.barcelonaig.tixu.directtransfer.TixuDirectTransferProvider""]",,,,none,none,none,none,"{""base_levels"": [], ""export_reason"": ""explicit_flag"", ""exported_explicit"": true, ""read_levels"": [], ""write_levels"": []}"
43102,com.instagram.android,20260704-all-full,All harvested apps,,,,com.instagram.barcelonaig.deferreddeeplink.TixuDeferredDeeplinkProvider,com.instagram.barcelonaig.deferreddeeplink.TixuDeferredDeeplinkProvider,,1,,,2026-07-04 02:12:15,,,,0,5790,com.instagram.barcelonaig.deferreddeeplink.TixuDeferredDeeplinkProvider,"[""com.instagram.barcelonaig.deferreddeeplink.TixuDeferredDeeplinkProvider""]",,,,none,none,none,none,"{""base_levels"": [], ""export_reason"": ""explicit_flag"", ""exported_explicit"": true, ""read_levels"": [], ""write_levels"": []}"
43103,com.instagram.android,20260704-all-full,All harvested apps,,,,com.instagram.growth.xav.fifudeferreddeeplink.FifuDeferredDeeplinkProvider,com.instagram.growth.xav.fifudeferreddeeplink.FifuDeferredDeeplinkProvider,,1,,,2026-07-04 02:12:15,,,,0,5790,com.instagram.growth.xav.fifudeferreddeeplink.FifuDeferredDeeplinkProvider,"[""com.instagram.growth.xav.fifudeferreddeeplink.FifuDeferredDeeplinkProvider""]",,,,none,none,none,none,"{""base_levels"": [], ""export_reason"": ""explicit_flag"", ""exported_explicit"": true, ""read_levels"": [], ""write_levels"": []}"
43104,com.instagram.android,20260704-all-full,All harvested apps,,,,com.instagram.android.provider.phoneid,com.instagram.common.analytics.phoneid.AsyncInstagramPhoneIdProvider,,1,,,2026-07-04 02:12:15,,,,0,5790,com.instagram.common.analytics.phoneid.AsyncInstagramPhoneIdProvider,"[""com.instagram.android.provider.phoneid""]",,,,none,none,none,none,"{""base_levels"": [], ""export_reason"": ""explicit_flag"", ""exported_explicit"": true, ""read_levels"": [], ""write_levels"": []}"
43373,com.twitter.android,20260704-all-full,All harvested apps,,,,com.twitter.android.androidx-startup,androidx.startup.InitializationProvider,,0,,,2026-07-04 02:15:06,,,,0,5829,androidx.startup.InitializationProvider,"[""com.twitter.android.androidx-startup""]",,,,none,none,none,none,"{""base_levels"": [], ""export_reason"": ""explicit_flag"", ""exported_explicit"": false, ""read_levels"": [], ""write_levels"": []}"
43374,com.twitter.android,20260704-all-full,All harvested apps,,,,com.twitter.android.xexternalfileprovider,com.x.android.fileprovider.XExternalFileProvider,,0,,,2026-07-04 02:15:06,,,,1,5829,com.x.android.fileprovider.XExternalFileProvider,"[""com.twitter.android.xexternalfileprovider""]",,,,none,none,none,none,"{""base_levels"": [], ""export_reason"": ""explicit_flag"", ""exported_explicit"": false, ""read_levels"": [], ""write_levels"": []}"
43375,com.twitter.android,20260704-all-full,All harvested apps,,,,com.twitter.android.xchatfileprovider,com.twitter.subsystem.xchat.implementation.provider.XChatFileProvider,,0,,,2026-07-04 02:15:06,,,,1,5829,com.twitter.subsystem.xchat.implementation.provider.XChatFileProvider,"[""com.twitter.android.xchatfileprovider""]",,,,none,none,none,none,"{""base_levels"": [], ""export_reason"": ""explicit_flag"", ""exported_explicit"": false, ""read_levels"": [], ""write_levels"": []}"
43376,com.twitter.android,20260704-all-full,All harvested apps,,,,com.twitter.android.provider.SuggestionsProvider,com.twitter.autocomplete.suggestion.SuggestionsProvider,com.twitter.android.permission.RESTRICTED,0,,,2026-07-04 02:15:06,,com.twitter.android.permission.RESTRICTED,com.twitter.android.permission.RESTRICTED,0,5829,com.twitter.autocomplete.suggestion.SuggestionsProvider,"[""com.twitter.android.provider.SuggestionsProvider""]",com.twitter.android.permission.RESTRICTED,com.twitter.android.permission.RESTRICTED,com.twitter.android.permission.RESTRICTED,weak,weak,weak,weak,"{""base_levels"": [""0x00000002""], ""export_reason"": ""explicit_flag"", ""exported_explicit"": false, ""read_levels"": [""0x00000002""], ""write_levels"": [""0x00000002""]}"
43377,com.twitter.android,20260704-all-full,All harvested apps,,,,com.twitter.android.internalfileprovider,com.twitter.database.legacy.provider.TwitterInternalFileProvider,,0,,,2026-07-04 02:15:06,,,,1,5829,com.twitter.database.legacy.provider.TwitterInternalFileProvider,"[""com.twitter.android.internalfileprovider""]",,,,none,none,none,none,"{""base_levels"": [], ""export_reason"": ""explicit_flag"", ""exported_explicit"": false, ""read_levels"": [], ""write_levels"": []}"
43378,com.twitter.android,20260704-all-full,All harvested apps,,,,com.twitter.android.externalfileprovider,com.twitter.database.legacy.provider.TwitterExternalFileProvider,,0,,,2026-07-04 02:15:06,,,,1,5829,com.twitter.database.legacy.provider.TwitterExternalFileProvider,"[""com.twitter.android.externalfileprovider""]",,,,none,none,none,none,"{""base_levels"": [], ""export_reason"": ""explicit_flag"", ""exported_explicit"": false, ""read_levels"": [], ""write_levels"": []}"
43379,com.twitter.android,20260704-all-full,All harvested apps,,,,com.twitter.android.provider.GlobalDatabaseProvider,com.twitter.database.legacy.gdbh.GlobalDatabaseProvider,,0,,,2026-07-04 02:15:06,,,,0,5829,com.twitter.database.legacy.gdbh.GlobalDatabaseProvider,"[""com.twitter.android.provider.GlobalDatabaseProvider""]",,,,none,none,none,none,"{""base_levels"": [], ""export_reason"": ""explicit_flag"", ""exported_explicit"": false, ""read_levels"": [], ""write_levels"": []}"
43380,com.twitter.android,20260704-all-full,All harvested apps,,,,com.twitter.android.provider.TwitterProvider,com.twitter.database.legacy.provider.TwitterProvider,com.twitter.android.permission.RESTRICTED,0,,,2026-07-04 02:15:06,,com.twitter.android.permission.RESTRICTED,com.twitter.android.permission.RESTRICTED,0,5829,com.twitter.database.legacy.provider.TwitterProvider,"[""com.twitter.android.provider.TwitterProvider""]",com.twitter.android.permission.RESTRICTED,com.twitter.android.permission.RESTRICTED,com.twitter.android.permission.RESTRICTED,weak,weak,weak,weak,"{""base_levels"": [""0x00000002""], ""export_reason"": ""explicit_flag"", ""exported_explicit"": false, ""read_levels"": [""0x00000002""], ""write_levels"": [""0x00000002""]}"
43381,com.twitter.android,20260704-all-full,All harvested apps,,,,com.twitter.android.com.plaid.link.internal.PlaidFileProvider,com.plaid.link.internal.PlaidFileProvider,,0,,,2026-07-04 02:15:06,,,,1,5829,com.plaid.link.internal.PlaidFileProvider,"[""com.twitter.android.com.plaid.link.internal.PlaidFileProvider""]",,,,none,none,none,none,"{""base_levels"": [], ""export_reason"": ""explicit_flag"", ""exported_explicit"": false, ""read_levels"": [], ""write_levels"": []}"
43382,com.twitter.android,20260704-all-full,All harvested apps,,,,com.twitter.android.provider,androidx.core.content.FileProvider,,0,,,2026-07-04 02:15:06,,,,1,5829,androidx.core.content.FileProvider,"[""com.twitter.android.provider""]",,,,none,none,none,none,"{""base_levels"": [], ""export_reason"": ""explicit_flag"", ""exported_explicit"": false, ""read_levels"": [], ""write_levels"": []}"
43383,com.twitter.android,20260704-all-full,All harvested apps,,,,com.twitter.android.merchant.init,io.scribeup.scribeupsdk.MerchantProcessInit,,0,,,2026-07-04 02:15:06,,,,0,5829,io.scribeup.scribeupsdk.MerchantProcessInit,"[""com.twitter.android.merchant.init""]",,,,none,none,none,none,"{""base_levels"": [], ""export_reason"": ""explicit_flag"", ""exported_explicit"": false, ""read_levels"": [], ""write_levels"": []}"
43384,com.twitter.android,20260704-all-full,All harvested apps,,,,com.twitter.android.cropper.fileprovider,com.canhub.cropper.CropFileProvider,,0,,,2026-07-04 02:15:06,,,,1,5829,com.canhub.cropper.CropFileProvider,"[""com.twitter.android.cropper.fileprovider""]",,,,none,none,none,none,"{""base_levels"": [], ""export_reason"": ""explicit_flag"", ""exported_explicit"": false, ""read_levels"": [], ""write_levels"": []}"
43385,com.twitter.android,20260704-all-full,All harvested apps,,,,com.twitter.android.mlkitinitprovider,com.google.mlkit.common.internal.MlKitInitProvider,,0,,,2026-07-04 02:15:06,,,,0,5829,com.google.mlkit.common.internal.MlKitInitProvider,"[""com.twitter.android.mlkitinitprovider""]",,,,none,none,none,none,"{""base_levels"": [], ""export_reason"": ""explicit_flag"", ""exported_explicit"": false, ""read_levels"": [], ""write_levels"": []}"
43386,com.twitter.android,20260704-all-full,All harvested apps,,,,com.twitter.android.mobileadsinitprovider,com.google.android.gms.ads.MobileAdsInitProvider,,0,,,2026-07-04 02:15:06,,,,0,5829,com.google.android.gms.ads.MobileAdsInitProvider,"[""com.twitter.android.mobileadsinitprovider""]",,,,none,none,none,none,"{""base_levels"": [], ""export_reason"": ""explicit_flag"", ""exported_explicit"": false, ""read_levels"": [], ""write_levels"": []}"
43387,com.twitter.android,20260704-all-full,All harvested apps,,,,com.twitter.android.firebaseinitprovider,com.google.firebase.provider.FirebaseInitProvider,,0,,,2026-07-04 02:15:06,,,,0,5829,com.google.firebase.provider.FirebaseInitProvider,"[""com.twitter.android.firebaseinitprovider""]",,,,none,none,none,none,"{""base_levels"": [], ""export_reason"": ""explicit_flag"", ""exported_explicit"": false, ""read_levels"": [], ""write_levels"": []}"
43454,com.whatsapp,20260704-all-full,All harvested apps,,,,com.whatsapp.accesslibraryprovider.provider.FamilyAppsUserValuesProvider,com.whatsapp.accesslibraryprovider.provider.FamilyAppsUserValuesProvider,,1,,,2026-07-04 02:15:48,,,,0,5837,com.whatsapp.accesslibraryprovider.provider.FamilyAppsUserValuesProvider,"[""com.whatsapp.accesslibraryprovider.provider.FamilyAppsUserValuesProvider""]",,,,none,none,none,none,"{""base_levels"": [], ""export_reason"": ""explicit_flag"", ""exported_explicit"": true, ""read_levels"": [], ""write_levels"": []}"
43455,com.whatsapp,20260704-all-full,All harvested apps,,,,com.whatsapp.backup.google.restart.RestartAppContentProvider,com.whatsapp.backup.google.restart.RestartAppContentProvider,,0,,,2026-07-04 02:15:48,,,,0,5837,com.whatsapp.backup.google.restart.RestartAppContentProvider,"[""com.whatsapp.backup.google.restart.RestartAppContentProvider""]",,,,none,none,none,none,"{""base_levels"": [], ""export_reason"": ""explicit_flag"", ""exported_explicit"": false, ""read_levels"": [], ""write_levels"": []}"
43456,com.whatsapp,20260704-all-full,All harvested apps,,,,com.whatsapp.mlkitinitprovider,com.google.mlkit.common.internal.MlKitInitProvider,,0,,,2026-07-04 02:15:48,,,,0,5837,com.google.mlkit.common.internal.MlKitInitProvider,"[""com.whatsapp.mlkitinitprovider""]",,,,none,none,none,none,"{""base_levels"": [], ""export_reason"": ""explicit_flag"", ""exported_explicit"": false, ""read_levels"": [], ""write_levels"": []}"
43457,com.whatsapp,20260704-all-full,All harvested apps,,,,com.whatsapp.qs.contacts,com.whatsapp.accountlinking.ipc.handler.quicksends.QuickSendsContactsProvider,,1,,,2026-07-04 02:15:48,,,,0,5837,com.whatsapp.accountlinking.ipc.handler.quicksends.QuickSendsContactsProvider,"[""com.whatsapp.qs.contacts""]",,,,none,none,none,none,"{""base_levels"": [], ""export_reason"": ""explicit_flag"", ""exported_explicit"": true, ""read_levels"": [], ""write_levels"": []}"
43458,com.whatsapp,20260704-all-full,All harvested apps,,,,com.whatsapp.provider.migrate.ios,com.whatsapp.migration.export.api.ExportMigrationContentProvider,com.apple.movetoios.ACCESS,1,,,2026-07-04 02:15:48,,com.apple.movetoios.ACCESS,com.apple.movetoios.ACCESS,0,5837,com.whatsapp.migration.export.api.ExportMigrationContentProvider,"[""com.whatsapp.provider.migrate.ios""]",com.apple.movetoios.ACCESS,com.apple.movetoios.ACCESS,com.apple.movetoios.ACCESS,weak,weak,weak,weak,"{""base_levels"": [], ""export_reason"": ""explicit_flag"", ""exported_explicit"": true, ""read_levels"": [], ""write_levels"": []}"
43459,com.whatsapp,20260704-all-full,All harvested apps,,,,com.whatsapp.orbitsso,com.whatsapp.orbitsso.OrbitSsoProvider,,1,,,2026-07-04 02:15:48,,com.whatsapp.orbit.permission.SSO,,0,5837,com.whatsapp.orbitsso.OrbitSsoProvider,"[""com.whatsapp.orbitsso""]",,com.whatsapp.orbit.permission.SSO,,none,weak,none,none,"{""base_levels"": [], ""export_reason"": ""explicit_flag"", ""exported_explicit"": true, ""read_levels"": [""0x00000002""], ""write_levels"": []}"
43460,com.whatsapp,20260704-all-full,All harvested apps,,,,com.whatsapp.pixel.besties.provider,com.whatsapp.pixel.besties.provider.PixelBestiesApiContentProvider,com.google.permission.besties.API,1,,,2026-07-04 02:15:48,,com.google.permission.besties.API,com.google.permission.besties.API,0,5837,com.whatsapp.pixel.besties.provider.PixelBestiesApiContentProvider,"[""com.whatsapp.pixel.besties.provider""]",com.google.permission.besties.API,com.google.permission.besties.API,com.google.permission.besties.API,weak,weak,weak,weak,"{""base_levels"": [], ""export_reason"": ""explicit_flag"", ""exported_explicit"": true, ""read_levels"": [], ""write_levels"": []}"
43461,com.whatsapp,20260704-all-full,All harvested apps,,,,com.whatsapp.accountswitching.AccountSwitchingContentProvider,com.whatsapp.accountswitching.AccountSwitchingContentProvider,,0,,,2026-07-04 02:15:48,,,,0,5837,com.whatsapp.accountswitching.AccountSwitchingContentProvider,"[""com.whatsapp.accountswitching.AccountSwitchingContentProvider""]",,,,none,none,none,none,"{""base_levels"": [], ""export_reason"": ""explicit_flag"", ""exported_explicit"": false, ""read_levels"": [], ""write_levels"": []}"
43462,com.whatsapp,20260704-all-full,All harvested apps,,,,com.whatsapp.provider.sticker_whitelist_check,com.whatsapp.stickers.ui.storage.WhitelistPackQueryContentProvider,,1,,,2026-07-04 02:15:48,,,,0,5837,com.whatsapp.stickers.ui.storage.WhitelistPackQueryContentProvider,"[""com.whatsapp.provider.sticker_whitelist_check""]",,,,none,none,none,none,"{""base_levels"": [], ""export_reason"": ""explicit_flag"", ""exported_explicit"": true, ""read_levels"": [], ""write_levels"": []}"
43463,com.whatsapp,20260704-all-full,All harvested apps,,,,com.whatsapp.provider.instrumentation,com.whatsapp.instrumentation.product.api.InstrumentationProvider,,0,,,2026-07-04 02:15:48,,,,1,5837,com.whatsapp.instrumentation.product.api.InstrumentationProvider,"[""com.whatsapp.provider.instrumentation""]",,,,none,none,none,none,"{""base_levels"": [], ""export_reason"": ""explicit_flag"", ""exported_explicit"": false, ""read_levels"": [], ""write_levels"": []}"
43464,com.whatsapp,20260704-all-full,All harvested apps,,,,com.whatsapp.provider.MigrationContentProvider,com.whatsapp.registration.directmigration.MigrationContentProvider,,1,,,2026-07-04 02:15:48,,com.whatsapp.permission.MIGRATION_CONTENT_PROVIDER,,0,5837,com.whatsapp.registration.directmigration.MigrationContentProvider,"[""com.whatsapp.provider.MigrationContentProvider""]",,com.whatsapp.permission.MIGRATION_CONTENT_PROVIDER,,none,weak,none,none,"{""base_levels"": [], ""export_reason"": ""explicit_flag"", ""exported_explicit"": true, ""read_levels"": [""0x00000002""], ""write_levels"": []}"
43465,com.whatsapp,20260704-all-full,All harvested apps,,,,com.whatsapp.provider.DirectMigrationContentProvider,com.whatsapp.registration.directmigration.DirectMigrationContentProvider,,1,,,2026-07-04 02:15:48,,com.whatsapp.permission.MIGRATION_CONTENT_PROVIDER,,0,5837,com.whatsapp.registration.directmigration.DirectMigrationContentProvider,"[""com.whatsapp.provider.DirectMigrationContentProvider""]",,com.whatsapp.permission.MIGRATION_CONTENT_PROVIDER,,none,weak,none,none,"{""base_levels"": [], ""export_reason"": ""explicit_flag"", ""exported_explicit"": true, ""read_levels"": [""0x00000002""], ""write_levels"": []}"
43466,com.whatsapp,20260704-all-full,All harvested apps,,,,com.whatsapp.fileprovider,androidx.core.content.FileProvider,,0,,,2026-07-04 02:15:48,,,,1,5837,androidx.core.content.FileProvider,"[""com.whatsapp.fileprovider""]",,,,none,none,none,none,"{""base_levels"": [], ""export_reason"": ""explicit_flag"", ""exported_explicit"": false, ""read_levels"": [], ""write_levels"": []}"
43467,com.whatsapp,20260704-all-full,All harvested apps,,,,com.whatsapp.securefileprovider,com.facebook.secure.fileprovider.SecureFileProvider,,0,,,2026-07-04 02:15:48,,,,1,5837,com.facebook.secure.fileprovider.SecureFileProvider,"[""com.whatsapp.securefileprovider""]",,,,none,none,none,none,"{""base_levels"": [], ""export_reason"": ""explicit_flag"", ""exported_explicit"": false, ""read_levels"": [], ""write_levels"": []}"
43468,com.whatsapp,20260704-all-full,All harvested apps,,,,com.whatsapp.provider.media,com.whatsapp.media.contentprovider.MediaProvider,,0,,,2026-07-04 02:15:48,,,,1,5837,com.whatsapp.media.contentprovider.MediaProvider,"[""com.whatsapp.provider.media""]",,,,none,none,none,none,"{""base_levels"": [], ""export_reason"": ""explicit_flag"", ""exported_explicit"": false, ""read_levels"": [], ""write_levels"": []}"
43469,com.whatsapp,20260704-all-full,All harvested apps,,,,com.whatsapp.firebaseinitprovider,com.google.firebase.provider.FirebaseInitProvider,,0,,,2026-07-04 02:15:48,,,,0,5837,com.google.firebase.provider.FirebaseInitProvider,"[""com.whatsapp.firebaseinitprovider""]",,,,none,none,none,none,"{""base_levels"": [], ""export_reason"": ""explicit_flag"", ""exported_explicit"": false, ""read_levels"": [], ""write_levels"": []}"
43470,com.zhiliaoapp.musically,20260704-all-full,All harvested apps,,,,com.zhiliaoapp.musically.draftprovider,com.ss.android.ugc.aweme.tools.draft.DraftFileProvider,,1,,,2026-07-04 02:16:06,,,,0,5838,com.ss.android.ugc.aweme.tools.draft.DraftFileProvider,"[""com.zhiliaoapp.musically.draftprovider""]",,,,none,none,none,none,"{""base_levels"": [], ""export_reason"": ""explicit_flag"", ""exported_explicit"": true, ""read_levels"": [], ""write_levels"": []}"
43471,com.zhiliaoapp.musically,20260704-all-full,All harvested apps,,,,com.zhiliaoapp.musically.androidx-startup,androidx.startup.InitializationProvider,,0,,,2026-07-04 02:16:06,,,,0,5838,androidx.startup.InitializationProvider,"[""com.zhiliaoapp.musically.androidx-startup""]",,,,none,none,none,none,"{""base_levels"": [], ""export_reason"": ""explicit_flag"", ""exported_explicit"": false, ""read_levels"": [], ""write_levels"": []}"
43472,com.zhiliaoapp.musically,20260704-all-full,All harvested apps,,,,com.zhiliaoapp.musically.androidx-startup;com.zhiliaoapp.musically.WsChannelMultiProcessSharedProvider;com.zhiliaoapp.musically.ttlive_provider;com.ss.android.common.multiprocess.SHARE_PROVID,com.ss.android.ugc.aweme.crash.cp.ShellProvider,,0,,,2026-07-04 02:16:06,,,,0,5838,com.ss.android.ugc.aweme.crash.cp.ShellProvider,"[""com.zhiliaoapp.musically.androidx-startup;com.zhiliaoapp.musically.WsChannelMultiProcessSharedProvider;com.zhiliaoapp.musically.ttlive_provider;com.ss.android.common.multiprocess.SHARE_PROVIDER_AUTHORITY1233;com.zhiliaoapp.musically.push.SHARE_PROVIDER_AUTHORITY;com.zhiliaoapp.musically.bdinstall.provider;com.zhiliaoapp.musically.push.settings;com.zhiliaoapp.musically.auth_token.SHARE_PROVIDER_AUTHORITY;com.zhiliaoapp.musically.TicketGuardProvider;com.zhiliaoapp.musically.dynamic.provider;com.zhiliaoapp.musically.perf.sync""]",,,,none,none,none,none,"{""base_levels"": [], ""export_reason"": ""explicit_flag"", ""exported_explicit"": false, ""read_levels"": [], ""write_levels"": []}"
43473,com.zhiliaoapp.musically,20260704-all-full,All harvested apps,,,,com.zhiliaoapp.musically.wallpapercaller,com.ss.android.ugc.aweme.livewallpaper.WallPaperDataProvider,com.zhiliaoapp.musically.permission.wallpaper,1,,,2026-07-04 02:16:06,,com.zhiliaoapp.musically.permission.wallpaper,com.zhiliaoapp.musically.permission.wallpaper,0,5838,com.ss.android.ugc.aweme.livewallpaper.WallPaperDataProvider,"[""com.zhiliaoapp.musically.wallpapercaller""]",com.zhiliaoapp.musically.permission.wallpaper,com.zhiliaoapp.musically.permission.wallpaper,com.zhiliaoapp.musically.permission.wallpaper,weak,weak,weak,weak,"{""base_levels"": [""0x00000002""], ""export_reason"": ""explicit_flag"", ""exported_explicit"": true, ""read_levels"": [""0x00000002""], ""write_levels"": [""0x00000002""]}"
43474,com.zhiliaoapp.musically,20260704-all-full,All harvested apps,,,,com.zhiliaoapp.musically.provider.onetaplogintoken,com.ss.android.ugc.aweme.account.provider.OneTapLoginTokenProvider,,1,,,2026-07-04 02:16:06,,,com.zhiliaoapp.musically.permission.WRITE_OTL_TOKEN,0,5838,com.ss.android.ugc.aweme.account.provider.OneTapLoginTokenProvider,"[""com.zhiliaoapp.musically.provider.onetaplogintoken""]",,,com.zhiliaoapp.musically.permission.WRITE_OTL_TOKEN,none,none,weak,none,"{""base_levels"": [], ""export_reason"": ""explicit_flag"", ""exported_explicit"": true, ""read_levels"": [], ""write_levels"": [""0x00000002""]}"
43475,com.zhiliaoapp.musically,20260704-all-full,All harvested apps,,,,com.zhiliaoapp.musically.provider.account_info,com.ss.android.ugc.aweme.account.provider.AccountInfoProvider,,1,,,2026-07-04 02:16:06,,,com.zhiliaoapp.musically.permission.WRITE_OTL_TOKEN,0,5838,com.ss.android.ugc.aweme.account.provider.AccountInfoProvider,"[""com.zhiliaoapp.musically.provider.account_info""]",,,com.zhiliaoapp.musically.permission.WRITE_OTL_TOKEN,none,none,weak,none,"{""base_levels"": [], ""export_reason"": ""explicit_flag"", ""exported_explicit"": true, ""read_levels"": [], ""write_levels"": [""0x00000002""]}"
43476,com.zhiliaoapp.musically,20260704-all-full,All harvested apps,,,,com.zhiliaoapp.musically.provider.ttreferrer,com.ss.android.ugc.aweme.lemon.TTReferrerForLemon8Provider,,1,,,2026-07-04 02:16:06,,,,0,5838,com.ss.android.ugc.aweme.lemon.TTReferrerForLemon8Provider,"[""com.zhiliaoapp.musically.provider.ttreferrer""]",,,,none,none,none,none,"{""base_levels"": [], ""export_reason"": ""explicit_flag"", ""exported_explicit"": true, ""read_levels"": [], ""write_levels"": []}"
43477,com.zhiliaoapp.musically,20260704-all-full,All harvested apps,,,,com.zhiliaoapp.musically.fileprovider,androidx.core.content.FileProvider,,0,,,2026-07-04 02:16:06,,,,1,5838,androidx.core.content.FileProvider,"[""com.zhiliaoapp.musically.fileprovider""]",,,,none,none,none,none,"{""base_levels"": [], ""export_reason"": ""explicit_flag"", ""exported_explicit"": false, ""read_levels"": [], ""write_levels"": []}"
43478,com.zhiliaoapp.musically,20260704-all-full,All harvested apps,,,,com.zhiliaoapp.musically.firebaseinitprovider,com.google.firebase.provider.FirebaseInitProvider,,0,,,2026-07-04 02:16:06,,,,0,5838,com.google.firebase.provider.FirebaseInitProvider,"[""com.zhiliaoapp.musically.firebaseinitprovider""]",,,,none,none,none,none,"{""base_levels"": [], ""export_reason"": ""explicit_flag"", ""exported_explicit"": false, ""read_levels"": [], ""write_levels"": []}"
43479,com.zhiliaoapp.musically,20260704-all-full,All harvested apps,,,,com.zhiliaoapp.musically.RestartContentProvider,com.ss.android.ugc.aweme.memory.kill.RestartContentProvider,,0,,,2026-07-04 02:16:06,,,,0,5838,com.ss.android.ugc.aweme.memory.kill.RestartContentProvider,"[""com.zhiliaoapp.musically.RestartContentProvider""]",,,,none,none,none,none,"{""base_levels"": [], ""export_reason"": ""explicit_flag"", ""exported_explicit"": false, ""read_levels"": [], ""write_levels"": []}"
43480,com.zhiliaoapp.musically,20260704-all-full,All harvested apps,,,,com.zhiliaoapp.musically.provider.drama.ttreferrer,com.ss.android.ugc.aweme.drama.app.referrer.DramaTTReferrerProvider,,1,,,2026-07-04 02:16:06,,,,0,5838,com.ss.android.ugc.aweme.drama.app.referrer.DramaTTReferrerProvider,"[""com.zhiliaoapp.musically.provider.drama.ttreferrer""]",,,,none,none,none,none,"{""base_levels"": [], ""export_reason"": ""explicit_flag"", ""exported_explicit"": true, ""read_levels"": [], ""write_levels"": []}"
43481,com.zhiliaoapp.musically,20260704-all-full,All harvested apps,,,,com.facebook.app.FacebookContentProvider597615686992125,com.facebook.FacebookContentProvider,,1,,,2026-07-04 02:16:06,,,,0,5838,com.facebook.FacebookContentProvider,"[""com.facebook.app.FacebookContentProvider597615686992125""]",,,,none,none,none,none,"{""base_levels"": [], ""export_reason"": ""explicit_flag"", ""exported_explicit"": true, ""read_levels"": [], ""write_levels"": []}"
43482,com.zhiliaoapp.musically,20260704-all-full,All harvested apps,,,,com.zhiliaoapp.musically.preinstall.attribution,com.bytedance.preinstall.attribution.provider.PreinstallAttributionProvider,com.zhiliaoapp.musically.permission.ATTRIBUTION_INFO,1,,,2026-07-04 02:16:06,,com.zhiliaoapp.musically.permission.ATTRIBUTION_INFO,com.zhiliaoapp.musically.permission.ATTRIBUTION_INFO,0,5838,com.bytedance.preinstall.attribution.provider.PreinstallAttributionProvider,"[""com.zhiliaoapp.musically.preinstall.attribution""]",com.zhiliaoapp.musically.permission.ATTRIBUTION_INFO,com.zhiliaoapp.musically.permission.ATTRIBUTION_INFO,com.zhiliaoapp.musically.permission.ATTRIBUTION_INFO,weak,weak,weak,weak,"{""base_levels"": [""0x00000002""], ""export_reason"": ""explicit_flag"", ""exported_explicit"": true, ""read_levels"": [""0x00000002""], ""write_levels"": [""0x00000002""]}"
43483,com.zhiliaoapp.musically,20260704-all-full,All harvested apps,,,,com.zhiliaoapp.musically.resources.AndroidContextProvider,org.jetbrains.compose.resources.AndroidContextProvider,,0,,,2026-07-04 02:16:06,,,,0,5838,org.jetbrains.compose.resources.AndroidContextProvider,"[""com.zhiliaoapp.musically.resources.AndroidContextProvider""]",,,,none,none,none,none,"{""base_levels"": [], ""export_reason"": ""explicit_flag"", ""exported_explicit"": false, ""read_levels"": [], ""write_levels"": []}"
43484,com.zhiliaoapp.musically,20260704-all-full,All harvested apps,,,,com.zhiliaoapp.musically.SecShareProviderAuthority,com.ss.android.account.share.data.write.provider.SecShareDataProvider,,1,,,2026-07-04 02:16:06,,,,0,5838,com.ss.android.account.share.data.write.provider.SecShareDataProvider,"[""com.zhiliaoapp.musically.SecShareProviderAuthority""]",,,,none,none,none,none,"{""base_levels"": [], ""export_reason"": ""explicit_flag"", ""exported_explicit"": true, ""read_levels"": [], ""write_levels"": []}"
43485,com.zhiliaoapp.musically,20260704-all-full,All harvested apps,,,,com.zhiliaoapp.musically.mlkitinitprovider,com.google.mlkit.common.internal.MlKitInitProvider,,0,,,2026-07-04 02:16:06,,,,0,5838,com.google.mlkit.common.internal.MlKitInitProvider,"[""com.zhiliaoapp.musically.mlkitinitprovider""]",,,,none,none,none,none,"{""base_levels"": [], ""export_reason"": ""explicit_flag"", ""exported_explicit"": false, ""read_levels"": [], ""write_levels"": []}"
45069,com.cnn.mobile.android.phone,20260708-all-full,All harvested apps,,,,com.cnn.mobile.android.phone.androidx-startup,androidx.startup.InitializationProvider,,0,,,2026-07-08 17:57:16,,,,0,6023,androidx.startup.InitializationProvider,"[""com.cnn.mobile.android.phone.androidx-startup""]",,,,none,none,none,none,"{""base_levels"": [], ""export_reason"": ""explicit_flag"", ""exported_explicit"": false, ""read_levels"": [], ""write_levels"": []}"
45070,com.cnn.mobile.android.phone,20260708-all-full,All harvested apps,,,,com.cnn.mobile.android.phone.fileprovider,androidx.core.content.FileProvider,,0,,,2026-07-08 17:57:16,,,,1,6023,androidx.core.content.FileProvider,"[""com.cnn.mobile.android.phone.fileprovider""]",,,,none,none,none,none,"{""base_levels"": [], ""export_reason"": ""explicit_flag"", ""exported_explicit"": false, ""read_levels"": [], ""write_levels"": []}"
45071,com.cnn.mobile.android.phone,20260708-all-full,All harvested apps,,,,com.cnn.mobile.android.phone.cast_initializer,com.discovery.player.cast.CastInitializer,,0,,,2026-07-08 17:57:16,,,,0,6023,com.discovery.player.cast.CastInitializer,"[""com.cnn.mobile.android.phone.cast_initializer""]",,,,none,none,none,none,"{""base_levels"": [], ""export_reason"": ""explicit_flag"", ""exported_explicit"": false, ""read_levels"": [], ""write_levels"": []}"
45072,com.cnn.mobile.android.phone,20260708-all-full,All harvested apps,,,,com.cnn.mobile.android.phone.cast_stub_initializer,com.discovery.player.cast.CastStubInitializer,,0,,,2026-07-08 17:57:16,,,,0,6023,com.discovery.player.cast.CastStubInitializer,"[""com.cnn.mobile.android.phone.cast_stub_initializer""]",,,,none,none,none,none,"{""base_levels"": [], ""export_reason"": ""explicit_flag"", ""exported_explicit"": false, ""read_levels"": [], ""write_levels"": []}"
45073,com.cnn.mobile.android.phone,20260708-all-full,All harvested apps,,,,com.cnn.mobile.android.phone.mobileadsinitprovider,com.google.android.gms.ads.MobileAdsInitProvider,,0,,,2026-07-08 17:57:16,,,,0,6023,com.google.android.gms.ads.MobileAdsInitProvider,"[""com.cnn.mobile.android.phone.mobileadsinitprovider""]",,,,none,none,none,none,"{""base_levels"": [], ""export_reason"": ""explicit_flag"", ""exported_explicit"": false, ""read_levels"": [], ""write_levels"": []}"
45074,com.cnn.mobile.android.phone,20260708-all-full,All harvested apps,,,,com.cnn.mobile.android.phone.firebaseinitprovider,com.google.firebase.provider.FirebaseInitProvider,,0,,,2026-07-08 17:57:16,,,,0,6023,com.google.firebase.provider.FirebaseInitProvider,"[""com.cnn.mobile.android.phone.firebaseinitprovider""]",,,,none,none,none,none,"{""base_levels"": [], ""export_reason"": ""explicit_flag"", ""exported_explicit"": false, ""read_levels"": [], ""write_levels"": []}"
45075,com.cnn.mobile.android.phone,20260708-all-full,All harvested apps,,,,com.cnn.mobile.android.phone.com.squareup.picasso,com.squareup.picasso.PicassoProvider,,0,,,2026-07-08 17:57:16,,,,0,6023,com.squareup.picasso.PicassoProvider,"[""com.cnn.mobile.android.phone.com.squareup.picasso""]",,,,none,none,none,none,"{""base_levels"": [], ""export_reason"": ""explicit_flag"", ""exported_explicit"": false, ""read_levels"": [], ""write_levels"": []}"
45864,com.reddit.frontpage,20260708-all-full,All harvested apps,,,,com.reddit.frontpage.reddit-firebaseinitprovider,com.reddit.firebase.provider.RedditFirebaseInitProvider,,0,,,2026-07-08 18:02:00,,,,0,6122,com.reddit.firebase.provider.RedditFirebaseInitProvider,"[""com.reddit.frontpage.reddit-firebaseinitprovider""]",,,,none,none,none,none,"{""base_levels"": [], ""export_reason"": ""explicit_flag"", ""exported_explicit"": false, ""read_levels"": [], ""write_levels"": []}"
45865,com.reddit.frontpage,20260708-all-full,All harvested apps,,,,com.reddit.frontpage.androidx-startup,androidx.startup.InitializationProvider,,0,,,2026-07-08 18:02:00,,,,0,6122,androidx.startup.InitializationProvider,"[""com.reddit.frontpage.androidx-startup""]",,,,none,none,none,none,"{""base_levels"": [], ""export_reason"": ""explicit_flag"", ""exported_explicit"": false, ""read_levels"": [], ""write_levels"": []}"
45866,com.reddit.frontpage,20260708-all-full,All harvested apps,,,,com.reddit.frontpage.dependency-injection-init-provider,com.reddit.frontpage.di.DependencyInjectionInitProvider,,0,,,2026-07-08 18:02:00,,,,0,6122,com.reddit.frontpage.di.DependencyInjectionInitProvider,"[""com.reddit.frontpage.dependency-injection-init-provider""]",,,,none,none,none,none,"{""base_levels"": [], ""export_reason"": ""explicit_flag"", ""exported_explicit"": false, ""read_levels"": [], ""write_levels"": []}"
45867,com.reddit.frontpage,20260708-all-full,All harvested apps,,,,com.reddit.frontpage.NavigationSetupContentProvider.authority,com.reddit.devsettings.notification.DevSettingsBootstrapper,,0,,,2026-07-08 18:02:00,,,,0,6122,com.reddit.devsettings.notification.DevSettingsBootstrapper,"[""com.reddit.frontpage.NavigationSetupContentProvider.authority""]",,,,none,none,none,none,"{""base_levels"": [], ""export_reason"": ""explicit_flag"", ""exported_explicit"": false, ""read_levels"": [], ""write_levels"": []}"
45868,com.reddit.frontpage,20260708-all-full,All harvested apps,,,,com.reddit.frontpage.mx-sdk.fileprovider,org.matrix.android.sdk.api.session.file.MatrixSDKFileProvider,,0,,,2026-07-08 18:02:00,,,,1,6122,org.matrix.android.sdk.api.session.file.MatrixSDKFileProvider,"[""com.reddit.frontpage.mx-sdk.fileprovider""]",,,,none,none,none,none,"{""base_levels"": [], ""export_reason"": ""explicit_flag"", ""exported_explicit"": false, ""read_levels"": [], ""write_levels"": []}"
45869,com.reddit.frontpage,20260708-all-full,All harvested apps,,,,com.reddit.frontpage.pre_start_process_lifecycle_owner_content_provider,com.reddit.domain.session.foreground.lifecycleowner.PreStartProcessLifecycleOwnerContentProvider,,0,,,2026-07-08 18:02:00,,,,0,6122,com.reddit.domain.session.foreground.lifecycleowner.PreStartProcessLifecycleOwnerContentProvider,"[""com.reddit.frontpage.pre_start_process_lifecycle_owner_content_provider""]",,,,none,none,none,none,"{""base_levels"": [], ""export_reason"": ""explicit_flag"", ""exported_explicit"": false, ""read_levels"": [], ""write_levels"": []}"
45870,com.reddit.frontpage,20260708-all-full,All harvested apps,,,,com.reddit.frontpage.ActivityFlowsBootstrap.authority,com.reddit.activityflows.ActivityFlowsContentProvider,,0,,,2026-07-08 18:02:00,,,,0,6122,com.reddit.activityflows.ActivityFlowsContentProvider,"[""com.reddit.frontpage.ActivityFlowsBootstrap.authority""]",,,,none,none,none,none,"{""base_levels"": [], ""export_reason"": ""explicit_flag"", ""exported_explicit"": false, ""read_levels"": [], ""write_levels"": []}"
45871,com.reddit.frontpage,20260708-all-full,All harvested apps,,,,@7F132099,androidx.core.content.FileProvider,,0,,,2026-07-08 18:02:00,,,,1,6122,androidx.core.content.FileProvider,"[""@7F132099""]",,,,none,none,none,none,"{""base_levels"": [], ""export_reason"": ""explicit_flag"", ""exported_explicit"": false, ""read_levels"": [], ""write_levels"": []}"
47045,com.linkedin.android,20260709-all-full,All harvested apps,,,,com.linkedin.android.fileprovider,androidx.core.content.FileProvider,,0,,,2026-07-09 11:18:51,,,,1,6255,androidx.core.content.FileProvider,"[""com.linkedin.android.fileprovider""]",,,,none,none,none,none,"{""base_levels"": [], ""export_reason"": ""explicit_flag"", ""exported_explicit"": false, ""read_levels"": [], ""write_levels"": []}"
47046,com.linkedin.android,20260709-all-full,All harvested apps,,,,com.linkedin.android.androidx-startup,androidx.startup.InitializationProvider,,0,,,2026-07-09 11:18:51,,,,0,6255,androidx.startup.InitializationProvider,"[""com.linkedin.android.androidx-startup""]",,,,none,none,none,none,"{""base_levels"": [], ""export_reason"": ""explicit_flag"", ""exported_explicit"": false, ""read_levels"": [], ""write_levels"": []}"
47047,com.linkedin.android,20260709-all-full,All harvested apps,,,,com.linkedin.android.meridian-provider,com.linkedin.android.growth.appactivation.MeridianUpsellProvider,,1,,,2026-07-09 11:18:51,,,,0,6255,com.linkedin.android.growth.appactivation.MeridianUpsellProvider,"[""com.linkedin.android.meridian-provider""]",,,,none,none,none,none,"{""base_levels"": [], ""export_reason"": ""explicit_flag"", ""exported_explicit"": true, ""read_levels"": [], ""write_levels"": []}"
47048,com.linkedin.android,20260709-all-full,All harvested apps,,,,com.linkedin.android.appfinder.suggestions,com.linkedin.android.growth.appactivation.appfinder.AppFinderSuggestionsContentProvider,,1,,,2026-07-09 11:18:51,,android.permission.GLOBAL_SEARCH,,0,6255,com.linkedin.android.growth.appactivation.appfinder.AppFinderSuggestionsContentProvider,"[""com.linkedin.android.appfinder.suggestions""]",,android.permission.GLOBAL_SEARCH,,none,signature,none,none,"{""base_levels"": [], ""export_reason"": ""explicit_flag"", ""exported_explicit"": true, ""read_levels"": [""signature"", ""privileged""], ""write_levels"": []}"
47049,com.linkedin.android,20260709-all-full,All harvested apps,,,,com.linkedin.android.RealTimeSystemSubscriptions,com.linkedin.android.realtime.internal.SystemSubscriptions,,0,,,2026-07-09 11:18:51,,,,0,6255,com.linkedin.android.realtime.internal.SystemSubscriptions,"[""com.linkedin.android.RealTimeSystemSubscriptions""]",,,,none,none,none,none,"{""base_levels"": [], ""export_reason"": ""explicit_flag"", ""exported_explicit"": false, ""read_levels"": [], ""write_levels"": []}"
47050,com.linkedin.android,20260709-all-full,All harvested apps,,,,com.linkedin.android.persona.provider,com.withpersona.sdk2.inquiry.DocumentFileProvider,,0,,,2026-07-09 11:18:51,,,,1,6255,com.withpersona.sdk2.inquiry.DocumentFileProvider,"[""com.linkedin.android.persona.provider""]",,,,none,none,none,none,"{""base_levels"": [], ""export_reason"": ""explicit_flag"", ""exported_explicit"": false, ""read_levels"": [], ""write_levels"": []}"
47051,com.linkedin.android,20260709-all-full,All harvested apps,,,,com.linkedin.android.mlkitinitprovider,com.google.mlkit.common.internal.MlKitInitProvider,,0,,,2026-07-09 11:18:51,,,,0,6255,com.google.mlkit.common.internal.MlKitInitProvider,"[""com.linkedin.android.mlkitinitprovider""]",,,,none,none,none,none,"{""base_levels"": [], ""export_reason"": ""explicit_flag"", ""exported_explicit"": false, ""read_levels"": [], ""write_levels"": []}"
47052,com.linkedin.android,20260709-all-full,All harvested apps,,,,com.linkedin.android.firebaseinitprovider,com.google.firebase.provider.FirebaseInitProvider,,0,,,2026-07-09 11:18:51,,,,0,6255,com.google.firebase.provider.FirebaseInitProvider,"[""com.linkedin.android.firebaseinitprovider""]",,,,none,none,none,none,"{""base_levels"": [], ""export_reason"": ""explicit_flag"", ""exported_explicit"": false, ""read_levels"": [], ""write_levels"": []}"
47160,com.pinterest,20260709-all-full,All harvested apps,,,,com.pinterest.CredentialsProvider,com.pinterest.account.CredentialsContentProvider,com.pinterest.account.Credentials,1,,,2026-07-09 11:19:56,,com.pinterest.account.Credentials,com.pinterest.account.Credentials,0,6272,com.pinterest.account.CredentialsContentProvider,"[""com.pinterest.CredentialsProvider""]",com.pinterest.account.Credentials,com.pinterest.account.Credentials,com.pinterest.account.Credentials,weak,weak,weak,weak,"{""base_levels"": [""0x00000002""], ""export_reason"": ""explicit_flag"", ""exported_explicit"": true, ""read_levels"": [""0x00000002""], ""write_levels"": [""0x00000002""]}"
47161,com.pinterest,20260709-all-full,All harvested apps,,,,com.pinterest.androidx-startup,androidx.startup.InitializationProvider,,0,,,2026-07-09 11:19:56,,,,0,6272,androidx.startup.InitializationProvider,"[""com.pinterest.androidx-startup""]",,,,none,none,none,none,"{""base_levels"": [], ""export_reason"": ""explicit_flag"", ""exported_explicit"": false, ""read_levels"": [], ""write_levels"": []}"
47162,com.pinterest,20260709-all-full,All harvested apps,,,,com.pinterest.provider,androidx.core.content.FileProvider,,0,,,2026-07-09 11:19:56,,,,1,6272,androidx.core.content.FileProvider,"[""com.pinterest.provider""]",,,,none,none,none,none,"{""base_levels"": [], ""export_reason"": ""explicit_flag"", ""exported_explicit"": false, ""read_levels"": [], ""write_levels"": []}"
47208,com.snapchat.android,20260709-all-full,All harvested apps,,,,com.snapchat.android.media.fileprovider,com.snap.media.provider.MediaPackageFileProvider,,0,,,2026-07-09 11:20:16,,,,1,6278,com.snap.media.provider.MediaPackageFileProvider,"[""com.snapchat.android.media.fileprovider""]",,,,none,none,none,none,"{""base_levels"": [], ""export_reason"": ""explicit_flag"", ""exported_explicit"": false, ""read_levels"": [], ""write_levels"": []}"
47209,com.snapchat.android,20260709-all-full,All harvested apps,,,,com.snapchat.android.androidx-startup,androidx.startup.InitializationProvider,,0,,,2026-07-09 11:20:16,,,,0,6278,androidx.startup.InitializationProvider,"[""com.snapchat.android.androidx-startup""]",,,,none,none,none,none,"{""base_levels"": [], ""export_reason"": ""explicit_flag"", ""exported_explicit"": false, ""read_levels"": [], ""write_levels"": []}"
47210,com.snapchat.android,20260709-all-full,All harvested apps,,,,com.snapchat.android.provider,com.snap.content.LockscreenModeContentProvider,,0,,,2026-07-09 11:20:16,,,,1,6278,com.snap.content.LockscreenModeContentProvider,"[""com.snapchat.android.provider""]",,,,none,none,none,none,"{""base_levels"": [], ""export_reason"": ""explicit_flag"", ""exported_explicit"": false, ""read_levels"": [], ""write_levels"": []}"
47211,com.snapchat.android,20260709-all-full,All harvested apps,,,,com.snapchat.android.CCInitProvider,com.cardinalcommerce.a.setOutlineSpotShadowColor,,0,,,2026-07-09 11:20:16,,,,0,6278,com.cardinalcommerce.a.setOutlineSpotShadowColor,"[""com.snapchat.android.CCInitProvider""]",,,,none,none,none,none,"{""base_levels"": [], ""export_reason"": ""explicit_flag"", ""exported_explicit"": false, ""read_levels"": [], ""write_levels"": []}"
47212,com.snapchat.android,20260709-all-full,All harvested apps,,,,com.snapchat.android.keyboard,com.snap.keyboard.lib.KeyboardContentProvider,,0,,,2026-07-09 11:20:16,,,,1,6278,com.snap.keyboard.lib.KeyboardContentProvider,"[""com.snapchat.android.keyboard""]",,,,none,none,none,none,"{""base_levels"": [], ""export_reason"": ""explicit_flag"", ""exported_explicit"": false, ""read_levels"": [], ""write_levels"": []}"
47409,org.telegram.messenger,20260709-all-full,All harvested apps,,,,org.telegram.messenger.provider,androidx.core.content.FileProvider,,0,,,2026-07-09 11:22:02,,,,1,6302,androidx.core.content.FileProvider,"[""org.telegram.messenger.provider""]",,,,none,none,none,none,"{""base_levels"": [], ""export_reason"": ""explicit_flag"", ""exported_explicit"": false, ""read_levels"": [], ""write_levels"": []}"
47410,org.telegram.messenger,20260709-all-full,All harvested apps,,,,org.telegram.messenger.notification_image_provider,org.telegram.messenger.NotificationImageProvider,,0,,,2026-07-09 11:22:02,,,,1,6302,org.telegram.messenger.NotificationImageProvider,"[""org.telegram.messenger.notification_image_provider""]",,,,none,none,none,none,"{""base_levels"": [], ""export_reason"": ""explicit_flag"", ""exported_explicit"": false, ""read_levels"": [], ""write_levels"": []}"
47411,org.telegram.messenger,20260709-all-full,All harvested apps,,,,org.telegram.messenger.call_sound_provider,org.telegram.messenger.voip.CallNotificationSoundProvider,,1,,,2026-07-09 11:22:02,,,,0,6302,org.telegram.messenger.voip.CallNotificationSoundProvider,"[""org.telegram.messenger.call_sound_provider""]",,,,none,none,none,none,"{""base_levels"": [], ""export_reason"": ""explicit_flag"", ""exported_explicit"": true, ""read_levels"": [], ""write_levels"": []}"
47412,org.telegram.messenger,20260709-all-full,All harvested apps,,,,org.telegram.messenger.mlkitinitprovider,com.google.mlkit.common.internal.MlKitInitProvider,,0,,,2026-07-09 11:22:02,,,,0,6302,com.google.mlkit.common.internal.MlKitInitProvider,"[""org.telegram.messenger.mlkitinitprovider""]",,,,none,none,none,none,"{""base_levels"": [], ""export_reason"": ""explicit_flag"", ""exported_explicit"": false, ""read_levels"": [], ""write_levels"": []}"
47413,org.telegram.messenger,20260709-all-full,All harvested apps,,,,org.telegram.messenger.firebaseinitprovider,com.google.firebase.provider.FirebaseInitProvider,,0,,,2026-07-09 11:22:02,,,,0,6302,com.google.firebase.provider.FirebaseInitProvider,"[""org.telegram.messenger.firebaseinitprovider""]",,,,none,none,none,none,"{""base_levels"": [], ""export_reason"": ""explicit_flag"", ""exported_explicit"": false, ""read_levels"": [], ""write_levels"": []}"
47414,org.telegram.messenger,20260709-all-full,All harvested apps,,,,org.telegram.messenger.androidx-startup,androidx.startup.InitializationProvider,,0,,,2026-07-09 11:22:02,,,,0,6302,androidx.startup.InitializationProvider,"[""org.telegram.messenger.androidx-startup""]",,,,none,none,none,none,"{""base_levels"": [], ""export_reason"": ""explicit_flag"", ""exported_explicit"": false, ""read_levels"": [], ""write_levels"": []}"
47415,org.telegram.messenger,20260709-all-full,All harvested apps,,,,org.telegram.messenger.jlatexmathinitprovider,ru.noties.jlatexmath.JLatexMathInitProvider,,0,,,2026-07-09 11:22:02,,,,0,6302,ru.noties.jlatexmath.JLatexMathInitProvider,"[""org.telegram.messenger.jlatexmathinitprovider""]",,,,none,none,none,none,"{""base_levels"": [], ""export_reason"": ""explicit_flag"", ""exported_explicit"": false, ""read_levels"": [], ""write_levels"": []}"
47416,org.thoughtcrime.securesms,20260709-all-full,All harvested apps,,,,org.thoughtcrime.securesms.avatar,org.thoughtcrime.securesms.providers.AvatarProvider,,0,,,2026-07-09 11:22:11,,,,1,6303,org.thoughtcrime.securesms.providers.AvatarProvider,"[""org.thoughtcrime.securesms.avatar""]",,,,none,none,none,none,"{""base_levels"": [], ""export_reason"": ""explicit_flag"", ""exported_explicit"": false, ""read_levels"": [], ""write_levels"": []}"
47417,org.thoughtcrime.securesms,20260709-all-full,All harvested apps,,,,org.thoughtcrime.securesms.part,org.thoughtcrime.securesms.providers.PartProvider,,0,,,2026-07-09 11:22:11,,,,1,6303,org.thoughtcrime.securesms.providers.PartProvider,"[""org.thoughtcrime.securesms.part""]",,,,none,none,none,none,"{""base_levels"": [], ""export_reason"": ""explicit_flag"", ""exported_explicit"": false, ""read_levels"": [], ""write_levels"": []}"
47418,org.thoughtcrime.securesms,20260709-all-full,All harvested apps,,,,org.thoughtcrime.securesms.blob,org.thoughtcrime.securesms.providers.BlobContentProvider,,0,,,2026-07-09 11:22:11,,,,1,6303,org.thoughtcrime.securesms.providers.BlobContentProvider,"[""org.thoughtcrime.securesms.blob""]",,,,none,none,none,none,"{""base_levels"": [], ""export_reason"": ""explicit_flag"", ""exported_explicit"": false, ""read_levels"": [], ""write_levels"": []}"
47419,org.thoughtcrime.securesms,20260709-all-full,All harvested apps,,,,org.thoughtcrime.securesms.fileprovider,androidx.core.content.FileProvider,,0,,,2026-07-09 11:22:11,,,,1,6303,androidx.core.content.FileProvider,"[""org.thoughtcrime.securesms.fileprovider""]",,,,none,none,none,none,"{""base_levels"": [], ""export_reason"": ""explicit_flag"", ""exported_explicit"": false, ""read_levels"": [], ""write_levels"": []}"
47420,org.thoughtcrime.securesms,20260709-all-full,All harvested apps,,,,org.thoughtcrime.securesms.firebaseinitprovider,com.google.firebase.provider.FirebaseInitProvider,,0,,,2026-07-09 11:22:11,,,,0,6303,com.google.firebase.provider.FirebaseInitProvider,"[""org.thoughtcrime.securesms.firebaseinitprovider""]",,,,none,none,none,none,"{""base_levels"": [], ""export_reason"": ""explicit_flag"", ""exported_explicit"": false, ""read_levels"": [], ""write_levels"": []}"
47421,org.thoughtcrime.securesms,20260709-all-full,All harvested apps,,,,org.thoughtcrime.securesms.androidx-startup,androidx.startup.InitializationProvider,,0,,,2026-07-09 11:22:11,,,,0,6303,androidx.startup.InitializationProvider,"[""org.thoughtcrime.securesms.androidx-startup""]",,,,none,none,none,none,"{""base_levels"": [], ""export_reason"": ""explicit_flag"", ""exported_explicit"": false, ""read_levels"": [], ""write_levels"": []}"
