w,app_i,app_j,S_i,R_i,S_j,R_j,formula,tolerance
0.05083135243742374,CNN,X,0.02849002849002849,0.18600537588391458,0.28505023241865346,0.17226566568509719,w=(Rj-Ri)/((Si-Sj)-(Ri-Rj)),1e-12
0.07510370726686431,Facebook Messenger,Snapchat,0.6522342180236916,0.22649251847068685,0.364484930274404,0.2498584227814383,w=(Rj-Ri)/((Si-Sj)-(Ri-Rj)),1e-12
0.09970750418502444,BBC News,X,0.06473984105563052,0.19666506851356136,0.28505023241865346,0.17226566568509719,w=(Rj-Ri)/((Si-Sj)-(Ri-Rj)),1e-12
0.19261222276256018,Instagram,WhatsApp,0.9026840605787974,0.7821221927228509,0.5918803418803419,0.8562682186959116,w=(Rj-Ri)/((Si-Sj)-(Ri-Rj)),1e-12
0.2597835773177087,CNN,Reddit,0.02849002849002849,0.18600537588391458,0.1835357624831309,0.13159110704261667,w=(Rj-Ri)/((Si-Sj)-(Ri-Rj)),1e-12
0.3429732297633416,LinkedIn,Telegram,0.29573399310241416,0.42501188141603574,0.41452991452991456,0.36299946015650897,w=(Rj-Ri)/((Si-Sj)-(Ri-Rj)),1e-12
0.3493293412303873,Pinterest,X,0.18469785575048733,0.2261424298512937,0.28505023241865346,0.17226566568509719,w=(Rj-Ri)/((Si-Sj)-(Ri-Rj)),1e-12
0.3539131066227214,BBC News,Reddit,0.06473984105563052,0.19666506851356136,0.1835357624831309,0.13159110704261667,w=(Rj-Ri)/((Si-Sj)-(Ri-Rj)),1e-12
0.35767992208781996,Facebook Messenger,LinkedIn,0.6522342180236916,0.22649251847068685,0.29573399310241416,0.42501188141603574,w=(Rj-Ri)/((Si-Sj)-(Ri-Rj)),1e-12
0.3647857819459885,Facebook Messenger,Telegram,0.6522342180236916,0.22649251847068685,0.41452991452991456,0.36299946015650897,w=(Rj-Ri)/((Si-Sj)-(Ri-Rj)),1e-12
0.3760083163834799,Facebook,WhatsApp,0.8630604288499025,0.6928590409530648,0.5918803418803419,0.8562682186959116,w=(Rj-Ri)/((Si-Sj)-(Ri-Rj)),1e-12
0.4356064794704729,Facebook Messenger,Signal,0.6522342180236916,0.22649251847068685,0.3210376368271105,0.48211447637753974,w=(Rj-Ri)/((Si-Sj)-(Ri-Rj)),1e-12
0.5602583713035874,Signal,Telegram,0.3210376368271105,0.48211447637753974,0.41452991452991456,0.36299946015650897,w=(Rj-Ri)/((Si-Sj)-(Ri-Rj)),1e-12
0.7181234190362508,LinkedIn,Snapchat,0.29573399310241416,0.42501188141603574,0.364484930274404,0.2498584227814383,w=(Rj-Ri)/((Si-Sj)-(Ri-Rj)),1e-12
0.842412890836414,Signal,Snapchat,0.3210376368271105,0.48211447637753974,0.364484930274404,0.2498584227814383,w=(Rj-Ri)/((Si-Sj)-(Ri-Rj)),1e-12
0.9073944786372693,Facebook Messenger,TikTok,0.6522342180236916,0.22649251847068685,0.6050382366171839,0.6889419740964235,w=(Rj-Ri)/((Si-Sj)-(Ri-Rj)),1e-12
0.912547037237661,Facebook Messenger,WhatsApp,0.6522342180236916,0.22649251847068685,0.5918803418803419,0.8562682186959116,w=(Rj-Ri)/((Si-Sj)-(Ri-Rj)),1e-12
0.9270966701826222,TikTok,WhatsApp,0.6050382366171839,0.6889419740964235,0.5918803418803419,0.8562682186959116,w=(Rj-Ri)/((Si-Sj)-(Ri-Rj)),1e-12
0.9809700391107603,CNN,The Guardian,0.02849002849002849,0.18600537588391458,0.03178887389413705,0.015954132798148918,w=(Rj-Ri)/((Si-Sj)-(Ri-Rj)),1e-12
